{"fmus":{"{PlantFMU}":"file:////home/maurizio/into-cps-projects/Platoon_with_dynamic_car_model/FMUs/follower.fmu","{Cacc1FMU}":"file:////home/maurizio/into-cps-projects/Platoon_with_dynamic_car_model/FMUs/caccAlg.fmu","{Cacc2FMU}":"file:////home/maurizio/into-cps-projects/Platoon_with_dynamic_car_model/FMUs/caccAlg.fmu","{Cacc3FMU}":"file:////home/maurizio/into-cps-projects/Platoon_with_dynamic_car_model/FMUs/caccAlg.fmu","{Cacc4FMU}":"file:////home/maurizio/into-cps-projects/Platoon_with_dynamic_car_model/FMUs/caccAlg.fmu","{LeaderPlantFMU}":"file:////home/maurizio/into-cps-projects/Platoon_with_dynamic_car_model/FMUs/leader.fmu","{Parameters}":"file:////home/maurizio/into-cps-projects/Platoon_with_dynamic_car_model/FMUs/parameters.fmu"},"connections":{"{PlantFMU}.PlantFMUInstance1.x":["{Cacc1FMU}.Cacc1FMUInstance.in_x","{Cacc2FMU}.Cacc2FMUInstance.in_x_prec"],"{PlantFMU}.PlantFMUInstance1.speed":["{Cacc1FMU}.Cacc1FMUInstance.speed_me","{Cacc2FMU}.Cacc2FMUInstance.speed_prec"],"{PlantFMU}.PlantFMUInstance1.acc":["{Cacc2FMU}.Cacc2FMUInstance.acc_prec"],"{Cacc1FMU}.Cacc1FMUInstance.accdes":["{PlantFMU}.PlantFMUInstance1.acc_des"],"{Cacc2FMU}.Cacc2FMUInstance.accdes":["{PlantFMU}.PlantFMUInstance2.acc_des"],"{PlantFMU}.PlantFMUInstance2.x":["{Cacc2FMU}.Cacc2FMUInstance.in_x","{Cacc3FMU}.Cacc3FMUInstance.in_x_prec"],"{PlantFMU}.PlantFMUInstance2.speed":["{Cacc2FMU}.Cacc2FMUInstance.speed_me","{Cacc3FMU}.Cacc3FMUInstance.speed_prec"],"{PlantFMU}.PlantFMUInstance2.acc":["{Cacc3FMU}.Cacc3FMUInstance.acc_prec"],"{Cacc3FMU}.Cacc3FMUInstance.accdes":["{PlantFMU}.PlantFMUInstance3.acc_des"],"{PlantFMU}.PlantFMUInstance3.x":["{Cacc3FMU}.Cacc3FMUInstance.in_x","{Cacc4FMU}.Cacc4FMUInstance.in_x_prec"],"{PlantFMU}.PlantFMUInstance3.speed":["{Cacc3FMU}.Cacc3FMUInstance.speed_me","{Cacc4FMU}.Cacc4FMUInstance.speed_prec"],"{PlantFMU}.PlantFMUInstance3.acc":["{Cacc4FMU}.Cacc4FMUInstance.acc_prec"],"{Cacc4FMU}.Cacc4FMUInstance.accdes":["{PlantFMU}.PlantFMUInstance4.acc_des"],"{PlantFMU}.PlantFMUInstance4.x":["{Cacc4FMU}.Cacc4FMUInstance.in_x"],"{PlantFMU}.PlantFMUInstance4.speed":["{Cacc4FMU}.Cacc4FMUInstance.speed_me"],"{PlantFMU}.PlantFMUInstance4.acc":["{Parameters}.ParametersInstance.floating"],"{Parameters}.ParametersInstance.C1_weight_1":["{Cacc1FMU}.Cacc1FMUInstance.C1_weight","{Cacc2FMU}.Cacc2FMUInstance.C1_weight","{Cacc3FMU}.Cacc3FMUInstance.C1_weight","{Cacc4FMU}.Cacc4FMUInstance.C1_weight"],"{Parameters}.ParametersInstance.controllerBandwidth_1":["{Cacc1FMU}.Cacc1FMUInstance.controllerBandwidth","{Cacc2FMU}.Cacc2FMUInstance.controllerBandwidth","{Cacc3FMU}.Cacc3FMUInstance.controllerBandwidth","{Cacc4FMU}.Cacc4FMUInstance.controllerBandwidth"],"{Parameters}.ParametersInstance.dampingRatio_1":["{Cacc1FMU}.Cacc1FMUInstance.dampingRatio","{Cacc2FMU}.Cacc2FMUInstance.dampingRatio","{Cacc3FMU}.Cacc3FMUInstance.dampingRatio","{Cacc4FMU}.Cacc4FMUInstance.dampingRatio"],"{Parameters}.ParametersInstance.precVehicleLenght_1":["{Cacc1FMU}.Cacc1FMUInstance.precVehicleLenght","{Cacc2FMU}.Cacc2FMUInstance.precVehicleLenght","{Cacc4FMU}.Cacc4FMUInstance.precVehicleLenght","{Cacc3FMU}.Cacc3FMUInstance.precVehicleLenght"],"{Parameters}.ParametersInstance.targetDistance_1":["{Cacc1FMU}.Cacc1FMUInstance.targetDistance","{Cacc2FMU}.Cacc2FMUInstance.targetDistance","{Cacc3FMU}.Cacc3FMUInstance.targetDistance","{Cacc4FMU}.Cacc4FMUInstance.targetDistance"],"{LeaderPlantFMU}.LeaderPlantFMUInstance.acc":["{Cacc1FMU}.Cacc1FMUInstance.acc_leader","{Cacc2FMU}.Cacc2FMUInstance.acc_leader","{Cacc3FMU}.Cacc3FMUInstance.acc_leader","{Cacc4FMU}.Cacc4FMUInstance.acc_leader","{Cacc1FMU}.Cacc1FMUInstance.acc_prec"],"{LeaderPlantFMU}.LeaderPlantFMUInstance.speed":["{Cacc1FMU}.Cacc1FMUInstance.speed_leader","{Cacc2FMU}.Cacc2FMUInstance.speed_leader","{Cacc3FMU}.Cacc3FMUInstance.speed_leader","{Cacc4FMU}.Cacc4FMUInstance.speed_leader","{Cacc1FMU}.Cacc1FMUInstance.speed_prec"],"{LeaderPlantFMU}.LeaderPlantFMUInstance.x":["{Cacc1FMU}.Cacc1FMUInstance.in_x_prec","{Cacc3FMU}.Cacc3FMUInstance.in_x_leader","{Cacc2FMU}.Cacc2FMUInstance.in_x_leader","{Cacc1FMU}.Cacc1FMUInstance.in_x_leader","{Cacc4FMU}.Cacc4FMUInstance.in_x_leader"]},"parameters":{"{PlantFMU}.PlantFMUInstance1.initialPosition.Value":250,"{PlantFMU}.PlantFMUInstance1.initialDesiredSpeed.Value":0.001,"{PlantFMU}.PlantFMUInstance1.initialRotation.Value":0.001,"{PlantFMU}.PlantFMUInstance1.initialSpeed.Value":0.001,"{PlantFMU}.PlantFMUInstance1.t1_wet.Value":25,"{PlantFMU}.PlantFMUInstance1.t2_snow.Value":50,"{PlantFMU}.PlantFMUInstance1.t3_ice.Value":75,"{PlantFMU}.PlantFMUInstance1.minSpeed.Value":0.001,"{PlantFMU}.PlantFMUInstance1.aero_drag_coeff.Value":0.3,"{PlantFMU}.PlantFMUInstance1.frontal_area.Value":2,"{PlantFMU}.PlantFMUInstance1.k.Value":500,"{PlantFMU}.PlantFMUInstance1.mass.Value":1350,"{PlantFMU}.PlantFMUInstance1.v_height.Value":0.75,"{PlantFMU}.PlantFMUInstance2.initialDesiredSpeed.Value":0.001,"{PlantFMU}.PlantFMUInstance2.initialPosition.Value":190,"{PlantFMU}.PlantFMUInstance2.initialRotation.Value":0.001,"{PlantFMU}.PlantFMUInstance2.initialSpeed.Value":0.001,"{PlantFMU}.PlantFMUInstance2.t1_wet.Value":9999,"{PlantFMU}.PlantFMUInstance2.t2_snow.Value":9999,"{PlantFMU}.PlantFMUInstance2.t3_ice.Value":9999,"{PlantFMU}.PlantFMUInstance2.minSpeed.Value":0.001,"{PlantFMU}.PlantFMUInstance2.aero_drag_coeff.Value":0.3,"{PlantFMU}.PlantFMUInstance2.frontal_area.Value":2,"{PlantFMU}.PlantFMUInstance2.k.Value":500,"{PlantFMU}.PlantFMUInstance2.mass.Value":1350,"{PlantFMU}.PlantFMUInstance2.v_height.Value":0.75,"{PlantFMU}.PlantFMUInstance3.initialDesiredSpeed.Value":0.001,"{PlantFMU}.PlantFMUInstance3.initialPosition.Value":120,"{PlantFMU}.PlantFMUInstance3.initialRotation.Value":0.001,"{PlantFMU}.PlantFMUInstance3.initialSpeed.Value":0.001,"{PlantFMU}.PlantFMUInstance3.t1_wet.Value":25,"{PlantFMU}.PlantFMUInstance3.t2_snow.Value":50,"{PlantFMU}.PlantFMUInstance3.t3_ice.Value":75,"{PlantFMU}.PlantFMUInstance3.minSpeed.Value":0.001,"{PlantFMU}.PlantFMUInstance3.aero_drag_coeff.Value":0.3,"{PlantFMU}.PlantFMUInstance3.frontal_area.Value":2,"{PlantFMU}.PlantFMUInstance3.k.Value":500,"{PlantFMU}.PlantFMUInstance3.mass.Value":1350,"{PlantFMU}.PlantFMUInstance3.v_height.Value":0.75,"{PlantFMU}.PlantFMUInstance4.initialDesiredSpeed.Value":0.001,"{PlantFMU}.PlantFMUInstance4.initialPosition.Value":1,"{PlantFMU}.PlantFMUInstance4.initialRotation.Value":0.001,"{PlantFMU}.PlantFMUInstance4.initialSpeed.Value":0.001,"{PlantFMU}.PlantFMUInstance4.t1_wet.Value":25,"{PlantFMU}.PlantFMUInstance4.t2_snow.Value":50,"{PlantFMU}.PlantFMUInstance4.t3_ice.Value":75,"{PlantFMU}.PlantFMUInstance4.minSpeed.Value":0.001,"{PlantFMU}.PlantFMUInstance4.aero_drag_coeff.Value":0.3,"{PlantFMU}.PlantFMUInstance4.frontal_area.Value":2,"{PlantFMU}.PlantFMUInstance4.k.Value":500,"{PlantFMU}.PlantFMUInstance4.mass.Value":1350,"{PlantFMU}.PlantFMUInstance4.v_height.Value":0.75,"{Parameters}.ParametersInstance.C1_weight_1.Value":0.5,"{Parameters}.ParametersInstance.controllerBandwidth_1.Value":0.2,"{Parameters}.ParametersInstance.dampingRatio_1.Value":1,"{Parameters}.ParametersInstance.precVehicleLenght_1.Value":4,"{Parameters}.ParametersInstance.targetDistance_1.Value":15,"{LeaderPlantFMU}.LeaderPlantFMUInstance.initialDesiredSpeed.Value":0.001,"{LeaderPlantFMU}.LeaderPlantFMUInstance.initialPosition.Value":300,"{LeaderPlantFMU}.LeaderPlantFMUInstance.initialRotation.Value":0.001,"{LeaderPlantFMU}.LeaderPlantFMUInstance.initialSpeed.Value":0.001,"{LeaderPlantFMU}.LeaderPlantFMUInstance.t1_wet.Value":25,"{LeaderPlantFMU}.LeaderPlantFMUInstance.t2_snow.Value":50,"{LeaderPlantFMU}.LeaderPlantFMUInstance.t3_ice.Value":75,"{LeaderPlantFMU}.LeaderPlantFMUInstance.minSpeed.Value":0.001,"{LeaderPlantFMU}.LeaderPlantFMUInstance.aero_drag_coeff.Value":0.3,"{LeaderPlantFMU}.LeaderPlantFMUInstance.frontal_area.Value":2,"{LeaderPlantFMU}.LeaderPlantFMUInstance.mass.Value":1350,"{LeaderPlantFMU}.LeaderPlantFMUInstance.k.Value":500,"{LeaderPlantFMU}.LeaderPlantFMUInstance.v_height.Value":0.75},"liveGraphColumns":1,"liveGraphVisibleRowCount":1,"logVariables":{"{PlantFMU}.PlantFMUInstance1":["acc","speed","x"],"{PlantFMU}.PlantFMUInstance2":["acc","speed","x"],"{PlantFMU}.PlantFMUInstance3":["acc","speed","x"],"{PlantFMU}.PlantFMUInstance4":["acc","speed","x"],"{LeaderPlantFMU}.LeaderPlantFMUInstance":["acc","speed","x"],"{Cacc1FMU}.Cacc1FMUInstance":[]},"algorithm":{"type":"fixed-step","size":0.01},"parallelSimulation":true,"stabalizationEnabled":false,"global_absolute_tolerance":0,"global_relative_tolerance":0.01,"simulationProgramDelay":false,"convergenceAttempts":5,"livestream":{"{PlantFMU}.PlantFMUInstance1":["x","speed","acc"],"{PlantFMU}.PlantFMUInstance2":["x","speed","acc"],"{PlantFMU}.PlantFMUInstance3":["x","speed","acc"],"{PlantFMU}.PlantFMUInstance4":["x","speed","acc"],"{LeaderPlantFMU}.LeaderPlantFMUInstance":["x","speed","acc"],"{Cacc1FMU}.Cacc1FMUInstance":["accdes"],"{Cacc2FMU}.Cacc2FMUInstance":["accdes"],"{Cacc4FMU}.Cacc4FMUInstance":["accdes"],"{Cacc3FMU}.Cacc3FMUInstance":["accdes"]}}