{"fmus":{"{SimpleCar1}":"file:////home/user/into-cps-projects/platoon/FMUs/Following_car.fmu","{SimpleCar2}":"file:////home/user/into-cps-projects/platoon/FMUs/Following_car.fmu","{SimpleCar3}":"file:////home/user/into-cps-projects/platoon/FMUs/Following_car.fmu","{LeadCar}":"file:////home/user/into-cps-projects/platoon/FMUs/LeadCar.fmu","{Controller1}":"file:////home/user/into-cps-projects/platoon/FMUs/__caccAlg_01.fmu","{Controller2}":"file:////home/user/into-cps-projects/platoon/FMUs/__caccAlg_01.fmu","{Controller3}":"file:////home/user/into-cps-projects/platoon/FMUs/__caccAlg_01.fmu"},"connections":{"{SimpleCar1}.SimpleCar1.speed":["{Controller1}.Controller1.speed_me","{Controller2}.Controller2.speed_prec"],"{SimpleCar1}.SimpleCar1.x":["{Controller1}.Controller1.in_x","{Controller2}.Controller2.in_x_prec"],"{SimpleCar1}.SimpleCar1.accel_out":["{Controller2}.Controller2.acc_prec"],"{Controller1}.Controller1.accdes":["{SimpleCar1}.SimpleCar1.accel"],"{Controller2}.Controller2.accdes":["{SimpleCar2}.SimpleCar2.accel"],"{SimpleCar2}.SimpleCar2.speed":["{Controller2}.Controller2.speed_me","{Controller3}.Controller3.speed_prec"],"{SimpleCar2}.SimpleCar2.x":["{Controller2}.Controller2.in_x","{Controller3}.Controller3.in_x_prec"],"{SimpleCar2}.SimpleCar2.accel_out":["{Controller3}.Controller3.acc_prec"],"{Controller3}.Controller3.accdes":["{SimpleCar3}.SimpleCar3.accel"],"{SimpleCar3}.SimpleCar3.speed":["{Controller3}.Controller3.speed_me"],"{SimpleCar3}.SimpleCar3.x":["{Controller3}.Controller3.in_x"],"{LeadCar}.LeadCar.accel":["{Controller1}.Controller1.acc_leader","{Controller2}.Controller2.acc_leader","{Controller3}.Controller3.acc_leader","{Controller1}.Controller1.acc_prec"],"{LeadCar}.LeadCar.speed":["{Controller2}.Controller2.speed_leader","{Controller3}.Controller3.speed_leader","{Controller1}.Controller1.speed_leader","{Controller1}.Controller1.speed_prec"],"{LeadCar}.LeadCar.x":["{Controller2}.Controller2.in_x_leader","{Controller3}.Controller3.in_x_leader","{Controller1}.Controller1.in_x_leader","{Controller1}.Controller1.in_x_prec"]},"parameters":{"{SimpleCar1}.SimpleCar1.v0":5,"{SimpleCar1}.SimpleCar1.x0":25,"{SimpleCar1}.SimpleCar1.seed":314151,"{Controller1}.Controller1.targetDistance":15,"{Controller2}.Controller2.targetDistance":15,"{SimpleCar2}.SimpleCar2.x0":15,"{SimpleCar2}.SimpleCar2.v0":5,"{SimpleCar2}.SimpleCar2.seed":314152,"{Controller3}.Controller3.targetDistance":15,"{SimpleCar3}.SimpleCar3.x0":5,"{SimpleCar3}.SimpleCar3.v0":5,"{SimpleCar3}.SimpleCar3.seed":314153,"{LeadCar}.LeadCar.simple_car.x0":40,"{LeadCar}.LeadCar.simple_car.v0":10,"{LeadCar}.LeadCar.seed":314150,"{LeadCar}.LeadCar.Amplitude":0.3,"{LeadCar}.LeadCar.Frequency":0.1},"liveGraphColumns":1,"liveGraphVisibleRowCount":1,"logVariables":{},"algorithm":{"type":"fixed-step","size":0.1},"parallelSimulation":false,"stabalizationEnabled":false,"global_absolute_tolerance":0,"global_relative_tolerance":0.01,"simulationProgramDelay":false,"convergenceAttempts":5,"livestream":{"{SimpleCar2}.SimpleCar2":["speed","x","accel_out"],"{SimpleCar1}.SimpleCar1":["speed","x","accel_out"],"{SimpleCar3}.SimpleCar3":["speed","x","accel_out"],"{LeadCar}.LeadCar":["speed","x","accel"],"{Controller1}.Controller1":["accdes"],"{Controller2}.Controller2":["accdes"],"{Controller3}.Controller3":["accdes"]}}