time,step-size,{Controller1}.Controller1.accdes,{Controller2}.Controller2.accdes,{Controller3}.Controller3.accdes,{LeadCar}.LeadCar.accel,{LeadCar}.LeadCar.speed,{LeadCar}.LeadCar.x,{SimpleCar1}.SimpleCar1.accel_out,{SimpleCar1}.SimpleCar1.speed,{SimpleCar1}.SimpleCar1.x,{SimpleCar2}.SimpleCar2.accel_out,{SimpleCar2}.SimpleCar2.speed,{SimpleCar2}.SimpleCar2.x,{SimpleCar3}.SimpleCar3.speed,{SimpleCar3}.SimpleCar3.x
0.0,0.0,0.0,0.0,0.0,0.0,10.0,40.0,0.0,5.0,25.0,0.0,5.0,15.0,5.0,5.0
0.1,0.1,1.840000033378601,0.14000000059604645,0.14000000059604645,0.0,10.0,41.0,0.0,5.0,25.5,0.0,5.0,15.5,5.0,5.5
0.2,0.1,1.8600000143051147,0.14000000059604645,0.14000000059604645,0.003767431171758803,10.0,42.0,0.36800000667572025,5.0,26.0,0.028000000119209292,5.0,16.0,5.0,6.0
0.30000000000000004,0.1,1.8837674856185913,0.3258837163448334,0.15588371455669403,0.0105339389512653,10.000376743117176,43.0,0.6664000082015993,5.036800000667572,26.5,0.05040000021457673,5.002800000011921,16.5,5.002800000011921,6.5
0.4,0.1,1.8959647417068481,0.4884246289730072,0.1702246367931366,0.019670030036155715,10.001430137012303,44.00003767431172,0.9098735036849976,5.103440001487732,27.00368000006676,0.10549674344062804,5.0078400000333785,17.00028000000119,5.0078400000333785,7.000280000001192
0.5,0.1,1.8987207412719727,0.6329466700553894,0.20194244384765625,0.030657417258815857,10.003397140015919,45.000180688012954,1.1070917512893677,5.194427351856231,27.51402400021553,0.18208232054710385,5.018389674377441,17.50106400000453,5.014989674341678,7.50106400000453
0.6,0.1,1.8936914205551147,0.7607050538063049,0.24623055756092072,0.04306695346954953,10.0064628817418,46.000520402014544,1.2654175492858886,5.3051365269851685,28.033466735401156,0.27225519044876095,5.036597906432151,18.002902967442274,5.024113906524181,8.002562967438697
0.7,0.1,1.882279634475708,0.8730130195617676,0.29965466260910034,0.056541035936720295,10.010769577088755,47.001166690188725,1.3910723235397338,5.431678281913757,28.563980388099672,0.3699451631202697,5.063823425477027,18.50656275808549,5.035452141147136,8.504974358091115
0.7999999999999999,0.1,1.8656651973724365,0.971154510974884,0.35934966802597046,0.07077958624328058,10.016423680682427,48.0022436478976,1.4893137857269285,5.5707855142677305,29.107148216291048,0.47055873440856927,5.100817941789054,19.012945100633193,5.049447339996719,9.008519572205829
0.8999999999999999,0.1,1.8448385000228882,1.0563656091690063,0.4229549467563629,0.08552888944072738,10.023501639306755,49.00388601596584,1.5645840680560301,5.719716892840423,29.66422676771782,0.5706778897218322,5.147873815229911,19.523026894812098,5.066636592328567,9.5134643062055
0.9999999999999999,0.1,1.8206291198730469,1.1298201084136963,0.4885435998439789,0.10057271925132169,10.032054528250827,50.00623617989652,1.6206349544494016,5.876175299646026,30.236198457001862,0.667815433611267,5.204941604202094,20.037814276335087,5.087574987554564,10.020127965438357
1.0999999999999999,0.1,1.7937260866165161,1.1926205158233643,0.554559588432312,0.11572529053860572,10.04211180017596,51.009441632721604,1.6606337875341306,6.038238795090966,30.823815986966466,0.7602163685717529,5.271723147563221,20.558308436755297,5.11278480267049,10.528885464193813
1.2,0.1,1.7646992206573486,1.2457934617996216,0.6197618842124939,0.13082567181580596,10.05368432922982,52.0136528127392,1.6872522473506077,6.204302173844379,31.427639866475563,0.8466971980220752,5.347744784420397,21.085480751511618,5.1427235267601095,11.040163944460863
1.3,0.1,1.7340190410614014,1.2902864217758179,0.6831766366958618,0.1457333638083661,10.066766896411401,53.01902124566219,1.7027416420119559,6.37302739857944,32.048070083860004,0.9265164507775846,5.432414504222605,21.620255229953656,5.177765697800452,11.554436297136874
1.4000000000000001,0.1,1.7020671367645264,1.3269691467285156,0.7440523505210876,0.16032480869197757,10.081340232792238,54.02569793530333,1.708997121821845,6.543301562780636,32.68537282371795,0.9992704449772313,5.525066149300363,22.163496680375918,5.218194672316976,12.072212866916919
1.5000000000000002,0.1,1.6691532135009766,1.3566339015960693,0.8018250465393066,0.1744906415201294,10.097372713661436,55.03383195858255,1.7076111248103811,6.714201274962821,33.33970297999601,1.0648101853274883,5.624993193798086,22.716003295305953,5.264201384664112,12.594032334148617
1.6000000000000003,0.1,1.6355245113372803,1.3799992799758911,0.8560840487480164,0.18813353287860038,10.114821777813448,56.043569229948694,1.6999195425485003,6.884962387443859,34.011123107492296,1.1231749285812045,5.731474212330835,23.278502614685763,5.315887801552242,13.120452472615028
1.7000000000000004,0.1,1.601374864578247,1.3977124691009521,0.9065455198287964,0.20116650183300122,10.13363513110131,57.05505140773004,1.6870405363062564,7.054954341698709,34.69961934623668,1.1745397988601418,5.843791705188956,23.851650035918848,5.373273435993533,13.652041252770253
1.8000000000000005,0.1,1.5668561458587646,1.410355567932129,0.9530291557312012,0.21351160226903282,10.15375178128461,58.06841492084017,1.6699074019606546,7.223658395329335,35.40511478040655,1.219174332908304,5.96124568507497,24.436029206437745,5.436303624521526,14.189368596369608
1.9000000000000006,0.1,1.532080888748169,1.4184473752975464,0.9954367876052856,0.22509890496318744,10.175102941511513,59.083790098968635,1.6492971507402765,7.3906491355254005,36.12748061993948,1.257410579913069,6.083163118365801,25.032153774945243,5.504858685740496,14.73299895882176
2.0000000000000004,0.1,1.4971328973770142,1.4224509000778198,1.0337368249893188,0.23586571312384502,10.197612832007831,60.101300393119786,1.6258538983418551,7.555578850599428,36.86654553349202,1.2896179389899645,6.208904176357107,25.64047008678182,5.578763317830296,15.283484827395808
2.1000000000000005,0.1,1.4620695114135742,1.4227759838104248,1.0679484605789185,0.24575596147678525,10.221199403320215,61.12106167632057,1.600109698148887,7.718164240433613,37.622103418551966,1.3161845312075355,6.337865970256104,26.26136050441753,5.657795759254242,15.841361159178838
2.2000000000000006,0.1,1.426928162574768,1.419785499572754,1.098131537437439,0.25471975884914605,10.245774999467894,62.1431816166526,1.5725016608018243,7.878175210248502,38.39391984259533,1.3375028217281133,6.469484423376858,26.895147101443143,5.741696448893185,16.407140735104264
2.3000000000000007,0.1,1.3917301893234253,1.4137979745864868,1.124375820159912,0.2627130421230382,10.271246975352808,63.167759116599385,1.543386961156413,8.035425376328684,39.18173736362018,1.3539593572970414,6.603234705549669,27.542095543780828,5.830175969815918,16.981310379993584
2.400000000000001,0.1,1.3564826250076294,1.4050939083099365,1.1467924118041992,0.2696973157772992,10.297518279565113,64.19488381413467,1.5130556067898155,8.189764072444325,39.98527990125305,1.3659270807549304,6.738630641279373,28.202419014335796,5.922922217302853,17.564327976975175
2.500000000000001,0.1,1.321183443069458,1.393919587135315,1.1655081510543823,0.27563945632753567,10.324488011142842,65.22463564209119,1.4817410104333784,8.341069633123306,40.804256308497486,1.3737604462659316,6.875223349354867,28.876282078463735,6.0196067316956,18.15662019870546
2.600000000000001,0.1,1.2858219146728516,1.380489468574524,1.180659532546997,0.2805115650620285,10.352051956775595,66.25708444320547,1.4496294969605943,8.489243734166644,41.638363271809816,1.3777922744398083,7.012599393981461,29.56380441339922,6.119890191445881,18.758580871875022
2.700000000000001,0.1,1.2503838539123535,1.364991307258606,1.192389726638794,0.2842908557553191,10.380103113281798,67.29228963888303,1.4168679805030457,8.634206683862704,42.48728764522648,1.3783317132667514,7.150378621425442,30.265064352797367,6.223427122267194,19.37056989101961
2.800000000000001,0.1,1.2148494720458984,1.3475892543792725,1.2008440494537354,0.28695956668312395,10.40853219885733,68.33029995021121,1.3835711551849073,8.775893481913009,43.35070831361275,1.3756636320651223,7.288211792752117,30.98010221493991,6.329869857575184,19.992912603246328
2.9000000000000012,0.1,1.1791988611221313,1.3284260034561157,1.2061680555343628,0.2885048883902205,10.437228155525641,69.37115317009695,1.3498268185571054,8.9142505974315,44.22829766180405,1.3700487565279524,7.425778155958629,31.708923394215123,6.438871840354351,20.625899589003847
3.0000000000000013,0.1,1.143410325050354,1.3076274394989014,1.208505392074585,0.28891890037989426,10.466078644364664,70.41487598564952,1.3157012270701105,9.049233279287211,45.1197227215472,1.361724205913585,7.562783031611425,32.451501209810985,6.5500903075667605,21.269786773039282
3.1000000000000014,0.1,1.1074632406234741,1.2853037118911743,1.2079968452453613,0.2881985112816246,10.494970534402654,71.46148385008598,1.281243046666159,9.180803401994222,46.02464604947592,1.3509048526306482,7.698955452202783,33.20777951297213,6.663188442447375,21.92479580379596
3.2000000000000015,0.1,1.0713388919830322,1.2615512609481812,1.2047792673110962,0.2863453981785947,10.523790385530816,72.51098090352625,1.246487085457622,9.308927706660837,46.94272638967534,1.3377846244827534,7.834045937465849,33.97767505819241,6.777837058193358,22.591114648040698
3.3000000000000016,0.1,1.0350205898284912,1.2364572286605835,1.1989854574203491,0.2833659416908369,10.552424925348676,73.56335994207933,1.211457446762704,9.4335764152066,47.87361916034143,1.3225379517758389,7.967824399914124,34.761079651939,6.893715887695051,23.268898353860035
3.4000000000000017,0.1,0.9984952211380005,1.2100991010665894,1.1907426118850708,0.2792711541553013,10.58076151951776,74.6186024346142,1.1761700753758613,9.554722159882871,48.81697680186209,1.305321807152788,8.100078195091708,35.55786209193041,7.010514536642628,23.958269942629542
3.5000000000000018,0.1,0.9617519974708557,1.182546615600586,1.1801739931106567,0.2740765988543619,10.608688634933289,75.67667858656598,1.140635104528289,9.672339167420457,49.77244901785038,1.2862772659355481,8.230610375806988,36.367869911439584,7.127933164949097,24.659321396293805
3.600000000000002,0.1,0.9247854948043823,1.1538653373718262,1.1673978567123413,0.2678022987459863,10.636096294818724,76.73754745005931,1.1048584831168022,9.786402677873285,50.73968293459242,1.2655311358685557,8.359238102400543,37.190930949020284,7.245682919831973,25.372114712788715
3.700000000000002,0.1,0.8875943422317505,1.1241158246994019,1.1525272130966187,0.2604726335633364,10.662876524693322,77.80115707954118,1.0688438854543183,9.896888526184966,51.71832320237975,1.2431979761692098,8.485791215987398,38.02685475926034,7.363486203600487,26.09668300477191
3.800000000000002,0.1,0.8501808643341064,1.0933547019958496,1.1356725692749023,0.2521162244959538,10.688923788049657,78.86744473201051,1.0325939768098047,10.003772914730398,52.70801205499825,1.2193815458752482,8.61011101360432,38.87543388085908,7.4810767877495445,26.833031625131962
3.900000000000002,0.1,0.812554121017456,1.0616378784179688,1.1169401407241821,0.2427658059524843,10.714135410499251,79.93633711081547,0.996111354314665,10.107032312411379,53.70838934647129,1.1941761770993684,8.732049168191844,39.73644498221951,7.5981997993307235,27.581139303906916
4.000000000000002,0.1,0.7747247815132141,1.029020071029663,1.0964316129684448,0.2324580841469088,10.7384119910945,81.0077506518654,0.9593999076552233,10.206643447842845,54.71909257771243,1.1676685173630885,8.851466785901781,40.60964989903869,7.7146116599811645,28.340959283839986
4.100000000000001,0.1,0.7367119193077087,0.9955540299415588,1.0742475986480713,0.2212335824550754,10.76165779950919,82.08159185097485,0.9224648824268216,10.302583438608368,55.73975692249671,1.1399388280964036,8.96823363763809,41.49479657762887,7.830079951316001,29.1124204498381
4.200000000000001,0.1,0.6985364556312561,0.961294949054718,1.0504852533340454,0.2091364736628001,10.783781157754698,83.15775763092576,0.8853142898029991,10.394829926851049,56.77001526635755,1.1110618684654348,9.082227520447729,42.391619941392676,7.944383216643239,29.8954284449697
4.300000000000001,0.1,0.6602268218994141,0.926297128200531,1.0252400636672974,0.19621439937634302,10.804694805120977,84.23613574670122,0.8479587229686506,10.483361355831349,57.80949825904265,1.0811084845832915,9.193333707294272,43.29984269343745,8.057310780877991,30.68986676663402
4.4,0.1,0.6218135356903076,0.8906171917915344,0.9986056089401245,0.18251827699497883,10.824316245058611,85.31660522721332,0.8104123427548034,10.568157228128214,58.857834394625776,1.0501462133067394,9.301444555752601,44.219176064166874,8.168662537332473,31.495597844721814
4.5,0.1,0.5833326578140259,0.8543123602867126,0.9706757068634033,0.16810209475706378,10.842568072758109,86.39903685171917,0.7726925813419044,10.649198462403694,59.91465011743859,1.0182404090036985,9.406459177083274,45.14932051974213,8.278248743769405,32.31246409845506
4.6,0.1,0.5448256731033325,0.8174434304237366,0.9415403604507446,0.15302269546814792,10.859378282233815,87.48329365899498,0.7348205966363288,10.726467720537885,60.979569963678955,0.9854547992603014,9.508283217983644,46.08996643745046,8.385889821097752,33.140288972831996
4.699999999999999,0.1,0.5063355565071106,0.7800705432891846,0.9112926721572876,0.1373395496044097,10.87468055178063,88.56923148721836,0.6968216119297297,10.799949780201517,62.05221673573274,0.9518525254929886,9.606828697909673,47.04079475924882,8.4914161970977,33.978877954941765
4.799999999999999,0.1,0.4679124355316162,0.7422589063644409,0.8800229430198669,0.12111451855867131,10.888414506741071,89.65669954239642,0.658724400845206,10.86963194139449,63.13221171375289,0.9174961290522279,9.702013950458971,48.00147762903978,8.59466810510667,34.828019574651535
4.899999999999999,0.1,0.4296070337295532,0.7040743231773376,0.8478219509124756,0.10441160886079541,10.900525958596939,90.74554099307053,0.6205620077824882,10.93550438147901,64.21917490789234,0.8824486845146706,9.793763563364193,48.971679024085674,8.695495484956993,35.687486385162195
4.999999999999998,0.1,0.3914751410484314,0.6655852198600769,0.8147812485694885,0.08729671826039526,10.910967119483018,91.83559358893022,0.5823710129719013,10.99756058225726,65.31272534604024,0.8467738122472042,9.88200843181566,49.95105538042209,8.793757847697648,36.55703593365789
5.099999999999998,0.1,0.35357388854026794,0.6268622875213623,0.7809922099113464,0.06983737460831635,10.919696791309057,92.92669030087852,0.5441918385872074,11.055797683554449,66.41248140426596,0.8105360937697789,9.96668581304038,50.93925622360365,8.889324176908422,37.43641171842766
5.1999999999999975,0.1,0.31596532464027405,0.587978184223175,0.7465462684631348,0.05210246851489442,10.92668052876989,94.01865998000942,0.5060682485778196,11.11021686741317,67.5180611726214,0.7738013325200956,10.047739422417358,51.935924804907685,8.982072865248432,38.325344136118495
5.299999999999997,0.1,0.2787119746208191,0.549008309841156,0.7115357518196106,0.03416198079805745,10.93189077562138,95.1113280328864,0.46804766379031065,11.160823692270952,68.62908285936271,0.7366367028607117,10.125119555669368,52.94069874714942,9.071891660118666,39.22355142264333
5.399999999999997,0.1,0.24187850952148438,0.510028600692749,0.6760533452033997,0.016086705763302667,10.935306973701186,96.20451711044853,0.4301805259564125,11.207628458649983,69.7451652285898,0.6991110242568007,10.198783225955438,53.953210702716355,9.158677621384117,40.13074058865519
5.4999999999999964,0.1,0.20553205907344818,0.4711177349090576,0.640191912651062,-0.002052028619248969,10.936915644277516,97.29804780781865,0.392520122669427,11.250646511245625,70.86592807445479,0.6612945395439905,10.268694328381118,54.97308902531189,9.242337105432869,41.046608350793605
5.599999999999996,0.1,0.16974034905433655,0.4323556423187256,0.6040452718734741,-0.02018264255789582,10.93671044141559,98.39173937224639,0.35512250995023137,11.289898523512568,71.99099272557935,0.6232591786170041,10.334823782335517,55.999958458150005,9.322785759575938,41.97084206133689
5.699999999999996,0.1,0.13457192480564117,0.39382246136665344,0.5677069425582886,-0.03823358720739711,10.9346921771598,99.48541041638795,0.31804607777105254,11.32541077450759,73.1199825779306,0.5850784713573485,10.397149700197218,57.033440836383555,9.399948521143415,42.90312063729448
5.799999999999995,0.1,0.10009634494781494,0.3556003272533417,0.5312701463699341,-0.05613362725982184,10.93086881843906,100.57887963410393,0.2813512471779704,11.357215382284695,74.25252365538135,0.5468272693592096,10.455657547332953,58.07315580640327,9.473759635834865,43.84311548940882
5.899999999999995,0.1,0.06638224422931671,0.317771852016449,0.4948287606239319,-0.07381212225396017,10.925255455713078,101.67196651594783,0.24510026673193944,11.385350507002492,75.38824519360982,0.5085818809380361,10.510340274268874,59.11872156113656,9.544162666439192,44.7904914529923
5.999999999999995,0.1,0.03349898383021355,0.28041937947273254,0.4584766924381256,-0.09119930550190769,10.917874243487683,102.76449206151914,0.20935666223141502,11.409860533675687,76.52678024431006,0.47041987515371886,10.561198462362677,60.16975558856345,9.611110493850052,45.74490771963622
6.099999999999994,0.1,0.0015148541424423456,0.24362601339817047,0.42230677604675293,-0.1082265595390743,10.908754312937493,103.8562794858679,0.17418512655117485,11.430796199898829,77.66776629767763,0.43241977601752174,10.608240449878048,61.22587543479971,9.67456533099122,46.70601876902122
6.199999999999994,0.1,-0.029502876102924347,0.20747312903404236,0.3864121735095978,-0.12482668701618059,10.897931656983586,104.94715491716164,0.13965107206942848,11.448214712553947,78.8108459176675,0.3946610234936516,10.6514824274798,62.286699479787515,9.734498734552915,47.67347530212034
6.299999999999994,0.1,-0.05948739871382713,0.17204245924949646,0.3508845269680023,-0.14093417596866556,10.885448988281967,106.03694808286,0.10582028243495803,11.46217981976089,79.9556673889229,0.3572234446017299,10.690948529829166,63.35184772253549,9.790891592923206,48.646925175575625
6.399999999999993,0.1,-0.08837511390447617,0.1374153196811676,0.315814346075058,-0.1564854584202169,10.8713555706851,107.12549298168818,0.07275874620520112,11.472761848004385,81.10188537089898,0.32018724753128336,10.726670874289338,64.4209425755184,9.84373412308963,49.62601433486794
6.499999999999993,0.1,-0.11610336601734161,0.10366994142532349,0.28129151463508606,-0.17141916130272067,10.85570702484308,108.21262853875669,0.040531974183265776,11.480037722624905,82.24916155569942,0.28363286196126036,10.758689599042466,65.49360966294732,9.893025837762131,50.6103877471769
6.5999999999999925,0.1,-0.1426125466823578,0.07088464498519897,0.24740320444107056,-0.18567634870467317,10.838565108712807,109.298199241241,0.009204906143144412,11.484090920043231,83.3971653279619,0.2476402778540731,10.787052885238591,66.56947862285156,9.938775496421632,51.59969033095311
6.699999999999992,0.1,-0.16784515976905823,0.03913406282663345,0.21423602104187012,-0.19920075449385924,10.81999747384234,110.38205575211227,-0.02115858442195592,11.485011410657545,84.54557441996621,0.2122891512802984,10.811816913023998,67.64818391137541,9.981001053641934,52.593567880595266
6.799999999999992,0.1,-0.19174690544605255,0.008492265827953815,0.18187353014945984,-0.211939004397719,10.800077398392954,111.4640554994965,-0.05049589949137628,11.48289555221535,85.69407556103197,0.17765813358956553,10.833045828152027,68.7293656026778,10.019729563506997,53.591667985959454
6.8999999999999915,0.1,-0.21426711976528168,-0.020970776677131653,0.15039706230163574,-0.2238408266661362,10.778883497953183,112.54406323933578,-0.07874610068231143,11.477845962266212,86.84236511625349,0.14382496003724332,10.850811641510983,69.812670185493,10.054997091819885,54.59364094231015
6.999999999999991,0.1,-0.23535777628421783,-0.049188271164894104,0.11988620460033417,-0.23485925048620387,10.75649941528657,113.6219515891311,-0.10585030449890538,11.46997135219798,87.9901497124801,0.11086581269436845,10.865194137514708,70.8977513496441,10.086848585073184,55.599140651492135
7.099999999999991,0.1,-0.2549763023853302,-0.0760950967669487,0.09041662514209747,-0.24495079136667217,10.73301349023795,114.69760153065975,-0.13175179885596777,11.45938632174809,89.1371468476999,0.07885499592251605,10.876280718784145,71.98427076339556,10.115337720921858,56.60782550999945
7.19999999999999,0.1,-0.2730816602706909,-0.10163141787052155,0.06206038221716881,-0.2540756227610555,10.708518411101283,115.77090287968355,-0.15639669956184016,11.446211141862493,90.2830854798747,0.04786497738462321,10.884166218376397,73.07189883527397,10.140526753692802,57.61935928209164
7.29999999999999,0.1,-0.2896400988101959,-0.12573982775211334,0.0348871573805809,-0.2621977332525656,10.683110848825176,116.84175472079367,-0.17973369170361023,11.43057147190631,91.42770659406095,0.01796569833359437,10.88895271611486,74.16031545711161,10.1624863124124,58.633411957460915
7.39999999999999,0.1,-0.30461999773979187,-0.14836853742599487,0.008962550200521946,-0.2692850686809211,10.65689107549992,117.91006580567618,-0.20171497312492728,11.412598102735949,92.57076374125158,-0.010775406883547074,10.89074928594822,75.24921072872309,10.18129516703242,59.649660588702154
7.499999999999989,0.1,-0.31799569725990295,-0.16946929693222046,-0.01565253734588623,-0.2753096586504331,10.629962568631829,118.97575491322617,-0.22229597804790013,11.392426605423456,93.71202355152518,-0.038294032992036535,10.889671745259864,76.3382856573179,10.19703999387605,60.667790105405395
7.599999999999989,0.1,-0.3297457695007324,-0.1889977753162384,-0.03890007734298706,-0.28024772692034644,10.602431602766785,120.03875117008934,-0.24143592189030064,11.370197007618666,94.85126621206751,-0.06452908578007323,10.885842341960661,77.42725283184387,10.209815106354963,61.687494104793
7.699999999999989,0.1,-0.33985471725463867,-0.2069159746170044,-0.060728128999471664,-0.28407978524197347,10.57440683007475,121.09899433036601,-0.2590978914123869,11.346053415429635,95.98828591282938,-0.08942282368730617,10.879389433382654,78.51583706603994,10.219722145591176,62.70847561542849
7.799999999999988,0.1,-0.34831029176712036,-0.22319014370441437,-0.08108796924352646,-0.2867907102724475,10.545998851550554,122.15643501337348,-0.2752492565808372,11.320143626288397,97.12289125437235,-0.11292145387324573,10.870447151013924,79.6037760093782,10.226869775433286,63.730447829987604
7.899999999999988,0.1,-0.3551071882247925,-0.23779109120368958,-0.09993688762187958,-0.2883698032616794,10.517319780523309,123.21103489852854,-0.2898614636180938,11.292618700630314,98.25490561700119,-0.13497519183947937,10.859155005626599,80.69082072447958,10.231373316726986,64.75313480753093
7.999999999999988,0.1,-0.36024418473243713,-0.25069645047187805,-0.11723630875349045,-0.2888108322770615,10.488482800197142,124.26276687658087,-0.30291060853943347,11.263632554268504,99.38416748706422,-0.15553837171232135,10.84565748644265,81.77673622504223,10.233354390377075,65.77627213920363
8.099999999999987,0.1,-0.3637272119522095,-0.2618880867958069,-0.13295266032218933,-0.2881120567993586,10.459601716969436,125.31161515660058,-0.3143773237780342,11.233341493414562,100.51053074249107,-0.17456998746423263,10.830103649271418,82.8613019736865,10.232940511544708,66.79960757824134
8.199999999999987,0.1,-0.3655645251274109,-0.2713547945022583,-0.14705802500247955,-0.2862762345927822,10.4307905112895,126.35757532829751,-0.3242473014128692,11.201903761036759,101.63386489183252,-0.19203360733054742,10.812646650524995,83.94431233861363,10.230264682303746,67.8229016293958
8.299999999999986,0.1,-0.3657728433609009,-0.2790883183479309,-0.15953105688095093,-0.2833106108221871,10.402162887830222,127.40065437942646,-0.3325107461557775,11.169479030895472,102.7540552679362,-0.20789784476488954,10.79344328979194,85.02557700366613,10.225464965704532,68.84592809762617
8.399999999999986,0.1,-0.3643733859062195,-0.2850886881351471,-0.17035482823848724,-0.27922688946038177,10.373831826748004,128.44087066820947,-0.33916316559680215,11.136227956279894,103.87100317102573,-0.22213593948149776,10.77265350531545,86.10492133264532,10.218684031925111,69.86847459419663
8.499999999999986,0.1,-0.36139044165611267,-0.2893616855144501,-0.17951814830303192,-0.2740411870984266,10.345909137801966,129.47825385088427,-0.3442052096586856,11.102311639720215,104.98462596665372,-0.23472648921222758,10.7504399113673,87.18218668317687,10.210068663763955,70.89034299738914
8.599999999999985,0.1,-0.35685718059539795,-0.29191702604293823,-0.1870146244764328,-0.2677739693412385,10.318505019092123,130.51284476466446,-0.347642256058171,11.067891118754346,106.09485713062574,-0.24565352847267205,10.726967262446077,88.25723067431359,10.199769272670261,71.91134986376554
8.699999999999985,0.1,-0.35080862045288086,-0.2927720248699188,-0.19284531474113464,-0.2604499700395385,10.291727622158,131.54469526657368,-0.3494852409656164,11.033126893148529,107.20164624250117,-0.25490622798672524,10.70240190959881,89.32992740055819,10.187939396829245,72.93132679103256
8.799999999999985,0.1,-0.3432875871658325,-0.2919488251209259,-0.1970166265964508,-0.25209809367691594,10.265682625154046,132.5738680287895,-0.3497499168630693,10.998178369051967,108.30495893181602,-0.26247938736336396,10.676911286800138,90.40016759151807,10.174735203666904,73.95012073071548
8.899999999999984,0.1,-0.334340363740921,-0.28947505354881287,-0.19953912496566772,-0.24275130129725456,10.240472815786354,133.6004362913049,-0.3484574509236219,10.96320337736566,109.4047767687212,-0.26837327491487634,10.650663348063802,91.46785872019808,10.160314942842207,74.96759425108218
8.999999999999984,0.1,-0.32401731610298157,-0.2853846251964569,-0.2004314512014389,-0.2324464804227255,10.21619768565663,134.62448357288355,-0.3456340334870817,10.928357632273299,110.50109710645776,-0.27259363064166364,10.623826020572315,92.53292505500445,10.144838401650523,75.9836257453664
9.099999999999984,0.1,-0.3123752176761627,-0.2797166407108307,-0.1997157335281372,-0.2212242994757293,10.192953037614357,135.64610334144922,-0.3413106900102617,10.893794228924591,111.59393286968509,-0.2751518295526223,10.596566657508149,93.59530765706168,10.12846638619786,76.99810958553144
9.199999999999983,0.1,-0.2994738817214966,-0.27251535654067993,-0.197421595454216,-0.2091290472793238,10.170830607666785,136.66539864521064,-0.3355235955434419,10.859663159923565,112.68331229257754,-0.27606479178426396,10.569051474552886,94.65496432281249,10.111360144811702,78.01095622415122
9.299999999999983,0.1,-0.28537821769714355,-0.2638310194015503,-0.19358235597610474,-0.19620845826956257,10.149917702938852,137.68248170597732,-0.3283136527790529,10.826110800369221,113.76927860856989,-0.27535490473554713,10.541444995374459,95.71186947026777,10.093680837032212,79.02209223863238
9.399999999999983,0.1,-0.27015775442123413,-0.2537175118923187,-0.18823769688606262,-0.18251352410955507,10.130296857111896,138.6974734762712,-0.31972656576267106,10.793279435091316,114.8518896886068,-0.27305012766874776,10.513909504900903,96.76601396980521,10.075588958899536,80.0314603223356
9.499999999999982,0.1,-0.25388315320014954,-0.24223515391349792,-0.18143300712108612,-0.16809829244872543,10.11204550470094,139.7105031619824,-0.3098128034943837,10.76130677851505,115.93121763211593,-0.26918360451346196,10.48660449213403,97.8174049202953,10.057243809273873,81.03901921822555
9.599999999999982,0.1,-0.23663130402565002,-0.22944825887680054,-0.1732167899608612,-0.1530196536214779,10.095235675456069,140.72170771245248,-0.29862687343553695,10.73032549816561,117.00734830996743,-0.26379391439346916,10.459686131682684,98.8660653695087,10.038802935635621,82.04474359915294
9.699999999999982,0.1,-0.21848107874393463,-0.21542523801326752,-0.16364577412605286,-0.13733711612707433,10.07993371009392,141.7312312799981,-0.2862277595535596,10.700462810822057,118.08038085978399,-0.25692478329013546,10.433306740243337,99.91203398267697,10.020421576582597,83.04862389271649
9.799999999999981,0.1,-0.1995144635438919,-0.20023900270462036,-0.15277788043022156,-0.12111257177680368,10.066199998481213,142.73922465100748,-0.2726784233916347,10.671840034866701,119.15042714086619,-0.2486248742347619,10.407614261914324,100.9553646567013,10.002252153540962,84.05066605037474
9.89999999999998,0.1,-0.17981640994548798,-0.18396702408790588,-0.14067727327346802,-0.10441005143530196,10.054088741303532,143.7458446508556,-0.2580456314220862,10.644572192527537,120.21761114435286,-0.23894769992873363,10.382751774490847,101.99612608289273,9.984443699625132,85.05089126572884
9.99999999999998,0.1,-0.15947405993938446,-0.16668833792209625,-0.1274126023054123,-0.08729547232000118,10.043647736160002,144.75125352498594,-0.2423997871267666,10.618767629385328,121.2820683636056,-0.22795156476056813,10.358857004497974,103.03440126034181,9.967141378883865,86.04933563569135
10.09999999999998,0.1,-0.13857606053352356,-0.14848877489566803,-0.11305559426546097,-0.06983637785600176,10.034918188928001,145.75561829860195,-0.22581464168929022,10.594527650672651,122.34394512654413,-0.2156989193928738,10.336061848021917,104.0702869607916,9.95048597682538,87.04604977357974
10.19999999999998,0.1,-0.11721346527338028,-0.12945379316806793,-0.09768234938383102,-0.05210167111304345,10.027934551142401,146.75911011749474,-0.20836692545813695,10.571946186503721,123.40339789161139,-0.2022568904934327,10.314491956082628,105.10389314559379,9.934613403132484,88.04109837126228
10.29999999999998,0.1,-0.09547798335552216,-0.10967365652322769,-0.08137190341949463,-0.03416134287657737,10.022724384031097,147.761903572609,-0.19013623342118569,10.551109493957908,124.46059251026176,-0.1876962710283598,10.294266267033285,106.13534234120205,9.919654232292858,89.03455971157553
10.399999999999979,0.1,-0.07346309721469879,-0.08924031257629395,-0.0642065703868866,-0.016086195426119238,10.019308249743439,148.7641760110121,-0.17120458340805306,10.53209587061579,125.51570345965754,-0.17209174812733344,10.275496639930449,107.16476896790537,9.905733248633481,90.02652513480481
10.499999999999979,0.1,-0.05126235634088516,-0.0682472288608551,-0.046272676438093185,0.002052436888995063,10.017699630200827,149.76610683598645,-0.15165628616938226,10.514975412274984,126.56891304671912,-0.1555214610171256,10.258287465117716,108.19231863189842,9.89296902363759,91.01709845966816
10.599999999999978,0.1,-0.028970204293727875,-0.04679052531719208,-0.02765704318881035,0.020182969173692056,10.017904873889727,150.76787679900653,-0.13157750020368292,10.499809783658046,127.62041058794661,-0.13806661458587158,10.242735319016004,109.21814737841018,9.88147351223314,92.00639536203192
10.699999999999978,0.1,-0.0066799744963645935,-0.024967249482870102,-0.008450091816484928,0.03823384850003348,10.019923170807095,151.7696672863955,-0.11105604102169198,10.486652033637677,128.67039156631242,-0.11981139673213574,10.228928657557418,110.24242091031178,9.871351649580816,92.99454271325523
10.799999999999978,0.1,0.015513134188950062,-0.00287565472535789,0.01125678326934576,0.0561338362939303,10.023746555657098,152.7716596034762,-0.09018082771662657,10.475546429535507,129.71905676967617,-0.10084256728228268,10.216947517884204,111.26531377606752,9.862701018595182,93.9816778782133
10.899999999999977,0.1,0.03751758113503456,0.01938590034842491,0.03136950358748436,0.07381228948124632,10.029359939286492,153.7740342590419,-0.06904203533551131,10.466528346763845,130.76661141262971,-0.08124918477089779,10.206863261155975,112.28700852785593,9.855611511970345,94.96794798007282
10.999999999999977,0.1,0.05924167484045029,0.04171839728951454,0.05179428681731224,0.09119943928373608,10.036741168234617,154.77697025297056,-0.04773011204140222,10.459624143230293,131.8132642473061,-0.06112216774703332,10.198738342678885,113.30769485397153,9.850165042335862,95.95350913126985
11.099999999999977,0.1,0.08059481531381607,0.06402362138032913,0.07243552803993225,0.10822666656453649,10.04586111216299,155.780644369794,-0.026335754665031796,10.454851132026153,132.85922666162912,-0.040554054739723816,10.192626125904182,114.32756868823941,9.846435256700024,96.93852563550344
11.199999999999976,0.1,0.10148739069700241,0.0862026959657669,0.09319783747196198,0.12482677263654983,10.056683778819444,156.7852304810103,-0.0049496406692623,10.452217556559651,133.90471177483172,-0.019638519515713302,10.18857072043021,115.34683130082982,9.8444873139277,97.92316916117343
11.299999999999976,0.1,0.12183430045843124,0.10815872251987457,0.11398530751466751,0.14093424446496045,10.0691664560831,157.79089885889223,0.016337765603990567,10.451722592492725,134.9499335304877,0.0015297235805826655,10.18660686847864,116.36568837287284,9.84437767027064,98.9076178925662
11.399999999999975,0.1,0.14155016839504242,0.12979646027088165,0.13470257818698883,0.15648551321725235,10.083259880529596,158.79781550450053,0.037437072574878626,10.453356369053123,135.99510578973695,0.02285552336844097,10.186759840836698,117.3843490597207,9.846153912094431,99.89205565959325
11.499999999999975,0.1,0.1605554223060608,0.15102052688598633,0.15525424480438232,0.17141920514034856,10.09890843185132,159.80614149255348,0.05825969173891131,10.457100076310612,137.04044142664227,0.044243710748929035,10.189045393173542,118.40302504380438,9.849854611703758,100.8766710508027
11.599999999999975,0.1,0.17877066135406494,0.17173880338668823,0.17554807662963867,0.18567638377477508,10.116050352365356,160.8160323357386,0.07871883785234113,10.462926045484503,138.08615143427332,0.06559907397634042,10.193469764248436,119.42192958312172,9.855509222954959,101.86165651197307
11.699999999999974,0.1,0.19612126052379608,0.1918613612651825,0.19549116492271423,0.19920078254994042,10.134617990742834,161.82763737097514,0.09872920255268582,10.470797929269738,139.13244403882177,0.0868270198584099,10.20002967164607,120.44127655954657,9.863137996852007,102.84720743426855
11.799999999999974,0.1,0.2125364989042282,0.2113010734319687,0.21499203145503998,0.21193902684258364,10.154538068997828,162.84109917004943,0.11820761414690781,10.480670849525007,140.17952383174875,0.10783388813976436,10.20871237363191,121.46127952671117,9.872751977502238,103.83352123395375
11.899999999999974,0.1,0.22794893383979797,0.2299729287624359,0.23396363854408264,0.2238408446220276,10.175731971682087,163.85655297694922,0.13707339109837183,10.492491610939698,141.22759091670125,0.12852732519820514,10.219495762445886,122.48215076407435,9.884352985320877,104.82079643170397
11.999999999999973,0.1,0.2422955185174942,0.24779699742794037,0.2523190677165985,0.23485926485091677,10.19811605614429,164.87412617411744,0.155248499646657,10.506198950049535,142.2768400777952,0.14881644591105123,10.232348494965708,123.50410034031893,9.89793363220489,105.80923173023605
12.099999999999973,0.1,0.255517840385437,0.26469552516937256,0.2699749171733856,0.24495080285844228,10.221601982629382,165.89393777973186,0.17265790342082438,10.5217238000142,143.32745997280017,0.168612556214429,10.247230139556812,124.52733518981549,9.91347742248298,106.79902509345654
12.199999999999973,0.1,0.26756158471107483,0.28059419989585876,0.28685230016708374,0.2540756319544714,10.246097062915226,166.91609797799478,0.18922989081374686,10.538989590356282,144.3796323528016,0.18782915000541764,10.264091395178255,125.55205820377117,9.930958836059785,107.79037283570483
12.299999999999972,0.1,0.27837640047073364,0.2954261600971222,0.3028732240200043,0.2621977406072982,10.271504626110673,167.9407076842863,0.2048962295932124,10.557912579437657,145.4335313118372,0.2063821599835058,10.282874310178796,126.57846734328899,9.950343465264696,108.7834687193108
12.399999999999972,0.1,0.2879212200641632,0.3091242015361786,0.3179652988910675,0.26928507456470707,10.297724400171402,168.96785814689738,0.2195922637687166,10.578402202396978,146.48932256978097,0.224190960006229,10.303512526177146,127.60675477430686,9.971588214631968,109.77850306583727
12.499999999999972,0.1,0.29615581035614014,0.32162928581237793,0.33205920457839966,0.2753096633574619,10.324652907627874,169.9976305869145,0.23325805502780586,10.60036142877385,147.54716279002065,0.24117760831221888,10.32593162217777,128.63710602692458,9.994641478606185,110.77566188730046
12.599999999999971,0.1,0.30304479598999023,0.3328876495361328,0.34508922696113586,0.2802477306859695,10.35218387396362,171.0300958776773,0.24583760609347266,10.62368723427663,148.60719893289803,0.25726794381225065,10.350049383008992,129.66969918914236,10.01944339576338,111.77512603516108
12.69999999999997,0.1,0.30856260657310486,0.3428475260734558,0.3569963276386261,0.28407978825447194,10.380208647032216,172.06531426507365,0.25727904407277613,10.648270994885978,149.66956765632568,0.27239188495702704,10.375776177390216,130.70470412744325,10.045926113580704,112.77707037473742
12.79999999999997,0.1,0.3126845955848694,0.35146594047546387,0.36772429943084717,0.2867907126824464,10.408616625857663,173.10333512977687,0.26753575657284184,10.673998899293256,150.73439475581426,0.2864830131803128,10.403015365885919,131.74228174518225,10.074014072373785,113.78166298609548
12.89999999999997,0.1,0.31539565324783325,0.35870295763015747,0.37722229957580566,0.28836980518967864,10.437295697125908,174.14419679236264,0.27656552437524734,10.70075247495054,151.8017946457436,0.2994795986393429,10.43166366720395,132.78258328177085,10.103624365961023,114.78906439333286
12.99999999999997,0.1,0.3166835606098175,0.3645259737968445,0.3854442238807678,0.28881083381946104,10.466132677644875,175.18792636207522,0.2843315501497645,10.728409027388066,152.87186989323865,0.31132427043750577,10.461611627067883,133.82574964849124,10.13466708681943,115.79942682992896
13.09999999999997,0.1,0.31654274463653564,0.36890754103660583,0.39235028624534607,0.28811205803327844,10.495013761026822,176.2345396298397,0.2908019522417751,10.756842182403043,153.94471079597744,0.32196461110937347,10.492744054111634,134.87191081119803,10.167045709497671,116.81289353861091
13.199999999999969,0.1,0.3149736821651459,0.3718253970146179,0.3979056775569916,0.28627623557991827,10.52382496683015,177.28404100594238,0.2959501107207272,10.78592237762722,155.02039501421774,0.3313531970948199,10.524940515222571,135.9211852166092,10.20065749211788,117.82959810956068
13.299999999999969,0.1,0.3119829297065735,0.3732645511627197,0.40207982063293457,0.2833106116118963,10.55245259038814,178.3364235026254,0.2997548250096109,10.815517388699291,156.09898725198045,0.3394476370787795,10.558075834932053,136.97367926813143,10.235393923938954,118.84966385877246
13.399999999999968,0.1,0.3075825572013855,0.37321510910987854,0.40485042333602905,0.2792268900921494,10.58078365154933,179.3916687616642,0.3022004459490034,10.845492871200252,157.18053899085038,0.3462110198955675,10.59202059863993,138.02948685162463,10.271141182946954,119.87320325116634
13.499999999999968,0.1,0.30178794264793396,0.371674120426178,0.4061984419822693,0.27404118760384105,10.608706340558545,180.44974712681912,0.30327686819947985,10.875712915795152,158.2650882779704,0.3516118377384297,10.626641700629486,139.08868891148862,10.307780586566011,120.90031736946104
13.599999999999968,0.1,0.2946248948574066,0.3686434328556061,0.4061122238636017,0.2677739697455704,10.636110459318928,181.51061776087496,0.30297908308917065,10.9060406026151,159.3526595695499,0.35562429427597936,10.661802884403329,140.15135308155158,10.345189117927978,121.93109542811763
13.699999999999967,0.1,0.28612035512924194,0.3641306757926941,0.404585599899292,0.26044997036300443,10.662887856293485,182.57422880680684,0.30130824544281787,10.936338510924017,160.4432636298114,0.3582281219919047,10.697365313830927,141.2175333699919,10.383239911857197,122.96561433991042
13.799999999999967,0.1,0.2763082981109619,0.3581526279449463,0.40161824226379395,0.2520980939356891,10.688932853329785,183.6405175924362,0.2982706673801027,10.966469335468298,161.5368974809038,0.3594086327520626,10.733188126030118,142.287269901375,10.421802791477845,124.00393833109614
13.899999999999967,0.1,0.2652280330657959,0.35072821378707886,0.39721551537513733,0.24275130150427354,10.714142662723354,184.70941087776916,0.2938781935262746,10.996296402206308,162.63354441445063,0.3591574317906393,10.769128989305324,143.36058871397802,10.460744807172349,125.04611861024392
13.999999999999966,0.1,0.25292471051216125,0.3418842554092407,0.3913883864879608,0.23244648058834125,10.738417792873781,185.7808251440415,0.2881481614341789,11.025684221558937,163.73317405467125,0.35747158818992725,10.805044732484388,144.43750161290853,10.499930784573227,126.09219309096116
14.099999999999966,0.1,0.23944590985774994,0.3316531181335449,0.38415443897247314,0.22122429960822249,10.761662440932614,186.85466692332886,0.28110347124977536,11.054499037702355,164.83574247682714,0.35435412163378993,10.84079189130338,145.51800608615696,10.539223876801433,127.14218616941848
14.199999999999966,0.1,0.22484666109085083,0.3200724124908447,0.37553614377975464,0.20912904738531896,10.783784870893436,187.93083316742212,0.2727719589713703,11.082609384827332,165.94119238059736,0.3498139209337409,10.87622730346676,146.6020852752873,10.578486118313757,128.19610855709863
14.299999999999965,0.1,0.2091848999261856,0.30718523263931274,0.3655626177787781,0.1962084583543593,10.804697775631968,189.00921165451146,0.26318689939526646,11.109886580724469,167.0494533190801,0.3438656192451617,10.911208695560134,147.68970800563397,10.617579000303065,129.25395716893
14.399999999999965,0.1,0.19252368807792664,0.29303935170173645,0.35426822304725647,0.18251352417739308,10.824318621467404,190.08968143207466,0.2523864995014503,11.136205270663995,168.16044197715254,0.3365295419239919,10.94559525748465,148.78082887519,10.656364028770106,130.3157150689603
14.499999999999964,0.1,0.1749279946088791,0.2776906192302704,0.34169021248817444,0.1680982925029965,10.842569973885142,191.1721132942214,0.24041393721674562,11.16144392061414,169.27406250421893,0.32783150387954085,10.97924821167705,149.87538840093845,10.694703303899315,131.3813514718373
14.599999999999964,0.1,0.1564711630344391,0.26119428873062134,0.3278764486312866,0.15301965366489542,10.859379803135441,192.2563702916099,0.22731674869517235,11.185485314335814,170.39020689628035,0.31780332694968677,11.012031362065004,150.97331322210616,10.732460088463627,132.4508218022272
14.699999999999964,0.1,0.13722360134124756,0.2436150461435318,0.31287458539009094,0.13733711616180896,10.874681768501931,193.34230827192343,0.21314763156302574,11.208216989205331,171.50875542771394,0.30648151930587375,11.043811694759972,152.07451635831265,10.76949932036484,133.52406781107356
14.799999999999963,0.1,0.11726532876491547,0.22502018511295319,0.29673951864242554,0.12111257180459202,10.888415480118113,194.42977644877362,0.19796282551867017,11.229531752361634,172.62957712663447,0.2939082246734054,11.074459846690559,153.17889752778865,10.805688234858437,134.60101774311005
14.899999999999963,0.1,0.09667424857616425,0.20548194646835327,0.27953001856803894,0.10441005145753328,10.900526737298572,195.51861799678542,0.1818233261679193,11.249328034913502,173.75253030187062,0.280130616761315,11.103850669157898,154.2863435124577,10.840896858161116,135.68158656659588
14.999999999999963,0.1,0.07553309947252274,0.18507499992847443,0.2613101899623871,0.08729547233778687,10.910967742444324,196.60867067051527,0.16479351064956835,11.267510367530294,174.87746310536195,0.26520088270272274,11.13186373083403,155.3967285793735,10.874998547176109,136.765676252412
15.099999999999962,0.1,0.05392709746956825,0.16387808322906494,0.24214711785316467,0.06983637787023096,10.919697289678103,197.6997674447597,0.1469414284141593,11.283989718595251,176.004214142115,0.24917570614787313,11.158383819104303,156.5099149524569,10.907870498759463,137.8531761071296
15.199999999999962,0.1,0.03194178640842438,0.14197403192520142,0.2221122533082962,0.05210167112442746,10.926680927465126,198.79173717372748,0.12833856222524115,11.298683861436666,177.13261311397451,0.23211618156411154,11.183301389719091,157.62575333436735,10.939394263825394,138.94396315700556
15.299999999999962,0.1,0.009664996527135372,0.11944767832756042,0.20128078758716583,0.03416134288568522,10.93189109457757,199.884405266474,0.10905920706187786,11.311517717659191,178.26248150011818,0.2140877516363296,11.206513007875502,158.74408347333926,10.969456218235202,140.0379025833881
15.399999999999961,0.1,-0.01281245518475771,0.09638545662164688,0.17973211407661438,0.016086195433406208,10.935307228866138,200.97759437593174,0.08918036495492943,11.322423638365379,179.3936332718841,0.19515973697457584,11.227921783039134,159.86473477412682,10.997948026829214,141.13484820521163
15.499999999999961,0.1,-0.035401612520217896,0.07287862151861191,0.15754663944244385,-0.00205243688316481,10.936915848409479,202.07112509881836,0.06878180092699207,11.331341674860871,180.52587563572064,0.17540488090399012,11.247437756736591,160.98752695243073,11.024767089456168,142.23464300789453
15.59999999999996,0.1,-0.05801328271627426,0.049017567187547684,0.13480758666992188,-0.020182969169027187,10.936710604721162,203.1648166836593,0.047945118237550155,11.33821985495357,181.65900980320671,0.15489962902691454,11.26497824482699,162.1122707281044,11.049816981839262,143.33711971684014
15.69999999999996,0.1,-0.08055474609136581,0.02489614672958851,0.11160252243280411,-0.03823384849630093,10.934692307804259,204.2584877441314,0.026753438046785347,11.343014366777325,182.79283178870207,0.13372321665904124,11.280468207729681,163.2387685525871,11.073007828534587,144.44210141502407
15.79999999999996,0.1,-0.10293668508529663,6.087288493290544E-4,0.08801773935556412,-0.05613383629094363,10.930868922954629,205.35195697491181,0.005291801219155193,11.345689710582004,183.9271332253798,0.11195780267315078,11.293840529395586,164.36681537336005,11.094256657624246,145.54940219787753
15.89999999999996,0.1,-0.12506930530071259,-0.02375061810016632,0.06414499133825302,-0.07381228947885637,10.925255539325534,206.44504386720726,-0.016353896041735094,11.34621889070392,185.061702196438,0.08968798790838652,11.305036309662901,165.4961994262996,11.113487771344628,146.65882786363994
15.99999999999996,0.1,-0.14686435461044312,-0.048086173832416534,0.04007398337125778,-0.09119943928182349,10.917874310377648,207.5375694211398,-0.03809697789353052,11.344583501099747,186.1963240855084,0.06700026670667603,11.31400510845374,166.62670305726587,11.130633017108046,147.7701766407744
16.09999999999996,0.1,-0.1682332158088684,-0.07230325788259506,0.015897449105978012,-0.10822666656300589,10.908754366449466,208.62935685217758,-0.05985045323691296,11.340773803310393,187.33078243561837,0.043982978598857594,11.320705135124408,167.75810356811124,11.145632113545545,148.8832399424852
16.19999999999996,0.1,-0.18909099698066711,-0.09630610793828964,-0.00829299259930849,-0.12482677263532516,10.897931699793165,209.72023228882253,-0.08152700575130437,11.3347887579867,188.46485981594944,0.020725731302566733,11.325103432984294,168.89017408162368,11.15843287036297,149.99780315383978
16.29999999999996,0.1,-0.2093544453382492,-0.12000101804733276,-0.03240479156374931,-0.14093424446398053,10.885449022529633,210.81002545880187,-0.10303980399717722,11.32663605741157,189.59833869174813,-0.002680636545604874,11.32717600611455,170.02268442492212,11.16899142479903,151.1136464408761
16.399999999999963,0.1,-0.22894160449504852,-0.1432954967021942,-0.0563444122672081,-0.15648551321646834,10.871355598083234,211.89857036105485,-0.12430273226539192,11.316332077011852,190.7310022974893,-0.026144712845950786,11.32690794245999,171.1554020255336,11.177272408495892,152.23054558335602
16.499999999999964,0.1,-0.2477729767560959,-0.16609790921211243,-0.0800221785902977,-0.17141920513972134,10.855707046761587,212.98570592086318,-0.14523050671132354,11.303901803785312,191.86263550519053,-0.049574869617199806,11.324293471175395,172.2880928197796,11.183249099622106,153.34827282420562
16.599999999999966,0.1,-0.26577451825141907,-0.18831871449947357,-0.10334539413452148,-0.18567638377427328,10.838565126247614,214.07127662553935,-0.1657390007202783,11.28937875311418,192.99302568556908,-0.07287947753618265,11.319335984213675,173.42052216689714,11.186903564277733,154.46659773416786
16.699999999999967,0.1,-0.28287220001220703,-0.20987145602703094,-0.12622550129890442,-0.199200782549539,10.819997487870186,215.15513313816413,-0.18574610422650675,11.272804853042151,194.12196356088052,-0.09596732492884116,11.312048036460057,174.55245576531854,11.188226692430428,155.58528809059564
16.79999999999997,0.1,-0.29899683594703674,-0.23067113757133484,-0.14857342839241028,-0.21193902684226257,10.800077409615232,216.23713288695117,-0.20517132338364708,11.254230242619501,195.24924404618474,-0.11874815114847945,11.302451303967173,175.68366056896457,11.187218287069895,156.7041107598387
16.89999999999997,0.1,-0.3140842616558075,-0.25063544511795044,-0.17030644416809082,-0.2238408446217709,10.778883506931006,217.31714062791272,-0.2239364258963253,11.233713110281137,196.37466707044672,-0.14113274843305085,11.290576488852325,176.8139056993613,11.18388705275549,157.8228325885457
16.99999999999997,0.1,-0.32807356119155884,-0.26968663930892944,-0.19133737683296204,-0.2348592648507115,10.75649942246883,218.39502897860584,-0.24196599304822197,11.211319467691505,197.49803838147486,-0.16303328777003107,11.27646321400902,177.94296334824654,11.178250596736117,158.9412212938213
17.099999999999973,0.1,-0.34090739488601685,-0.28774937987327576,-0.2115878313779831,-0.24495080285827822,10.733013495983759,219.47067892085275,-0.2591875066768896,11.187122868386682,198.61917032824402,-0.18436395807781103,11.260159885232017,179.07060966964747,11.170335303037257,160.05904635349492
17.199999999999974,0.1,-0.35253480076789856,-0.3047519028186798,-0.23098048567771912,-0.25407563195434035,10.708518415697931,220.54398027045113,-0.27553148431871527,11.161204117718993,199.7378826150827,-0.20504104243690427,11.241723489424237,180.1966256581707,11.16017632054151,161.17607988379865
17.299999999999976,0.1,-0.3629065155982971,-0.3206292986869812,-0.2494385987520218,-0.26219774060719353,10.683110852502496,221.61483211202093,-0.2909321476085521,11.133650969287121,200.8540030268546,-0.22498321451325967,11.221219385180547,181.32079800711313,11.147817377917352,162.29209751585282
17.399999999999977,0.1,-0.371980220079422,-0.33531808853149414,-0.26689261198043823,-0.2692850745646235,10.656891078441777,222.6831431972712,-0.30532702120650135,11.104557754526265,201.96736812378333,-0.24411243134800426,11.19872106372922,182.4429199456312,11.133310614104472,163.40687925364458
17.49999999999998,0.1,-0.3797209560871124,-0.3487601578235626,-0.28327587246894836,-0.2753096633573951,10.629962570985315,223.74883230511537,-0.31865766098108567,11.074025052405615,203.07782389923597,-0.2623535627847025,11.17430982059442,183.5627920520041,11.116716431079126,164.52021031505504
17.59999999999998,0.1,-0.386094331741333,-0.3609025180339813,-0.2985260784626007,-0.28024773068591613,10.602431604649576,224.81182856221392,-0.3308703200022912,11.042159286307506,204.18522640447654,-0.27963488179247475,11.148074464315949,184.68022303406357,11.098103232419241,165.63188195816298
17.69999999999998,0.1,-0.3910747468471527,-0.37169763445854187,-0.3125837445259094,-0.2840797882544293,10.574406831580983,225.8720717226789,-0.34191512235009974,11.009072254307275,205.2894423331073,-0.2958884090407763,11.1201109761367,185.79503048049517,11.077547156041954,166.7416922814049
17.799999999999983,0.1,-0.3946410119533539,-0.38110271096229553,-0.32539594173431396,-0.28679071268241224,10.54599885275554,226.92951240583702,-0.3517470472495105,10.974880742072266,206.39034955853805,-0.31105025412432963,11.090522135232623,186.90704157810885,11.055131773370872,167.84944699700912
17.899999999999984,0.1,-0.3967769742012024,-0.38908112049102783,-0.33691278100013733,-0.2883698051896513,10.517319781487299,227.98411229111258,-0.3603258401902793,10.939706037347314,207.48783763274528,-0.325060745491923,11.05941710982019,188.01609379163213,11.030947792343488,168.95496017434624
17.999999999999986,0.1,-0.39747318625450134,-0.39560118317604065,-0.3470916748046875,-0.28881083381943906,10.488482800968333,229.03584426926133,-0.367616066992464,10.903673453328285,208.58180823648004,-0.33786482049174416,11.026911035270997,189.12203550261415,11.005092688686895,170.0580549535806
18.099999999999987,0.1,-0.39672547578811646,-0.40063706040382385,-0.35589417815208435,-0.2881120580332606,10.459601717586388,230.08469254935818,-0.3735874908448716,10.866911846629037,209.6721755818129,-0.3494120930286036,10.993124553221822,190.22472660614127,10.977670350141619,171.15856422244931
18.19999999999999,0.1,-0.39453598856925964,-0.40416809916496277,-0.36328622698783875,-0.2862762355799037,10.430790511783062,231.13065272111683,-0.37821508783352065,10.829553097544549,210.75886676647582,-0.3596570865036478,10.95818334391896,191.32403906146348,10.948790645809304,172.2563312574635
18.29999999999999,0.1,-0.39090970158576965,-0.40618088841438293,-0.3692406713962555,-0.2833106116118843,10.402162888225071,232.17373177229516,-0.3814792679806685,10.791731588761197,211.8418220762303,-0.3685592890359109,10.922217635268595,192.4198573958554,10.918568998780408,173.35121032204444
18.39999999999999,0.1,-0.38586196303367615,-0.40666741132736206,-0.3737349808216095,-0.2792268900921394,10.373831827063881,233.2139480611177,-0.38336535470168875,10.753583661963129,212.92099523510643,-0.3760836089116054,10.885361706365003,193.51207915938227,10.887125956617536,174.4430672219225
18.499999999999993,0.1,-0.3794096112251282,-0.40562623739242554,-0.3767533600330353,-0.2740411876038325,10.345909138054667,234.2513312438241,-0.38386467636808624,10.71524712649296,213.99635360130276,-0.3822003693947568,10.847753345473842,194.60061533001877,10.854586709459314,175.53177981758427
18.599999999999994,0.1,-0.3715774118900299,-0.40305981040000916,-0.37828513979911804,-0.26777396974556295,10.318505019294284,235.28592215762959,-0.3829736633394946,10.676860658856151,215.06787831395206,-0.3868855429942906,10.809533308534366,195.68539066456617,10.821080612116303,176.6172384885302
18.699999999999996,0.1,-0.362394243478775,-0.39897921681404114,-0.3783249258995056,-0.2604499703629978,10.291727622319726,236.31777265955904,-0.38069441304960167,10.638563292522202,216.1355643798377,-0.3901203964754344,10.770844754234936,196.76634399541962,10.786740667041233,177.69934654974185
18.799999999999997,0.1,-0.35189521312713623,-0.39339956641197205,-0.376875102519989,-0.2520980939356829,10.265682625283427,237.34694542179102,-0.3770343791354363,10.60049385121724,217.19942070908994,-0.3918921605431558,10.731832714587393,197.84342847084312,10.751703008185196,178.77802061644599
18.9,0.1,-0.34012168645858765,-0.38634347915649414,-0.3739418685436249,-0.24275130150426757,10.240472815889857,238.37351368431936,-0.37200654593377624,10.562790413303697,218.25947009421168,-0.39219364171691906,10.692643498533076,198.91661174230188,10.716106382582375,179.85319091726453
19.0,0.1,-0.3271167576313019,-0.37783703207969666,-0.36953818798065186,-0.2324464805883354,10.21619768573943,239.39756096590835,-0.3656295740387384,10.525589758710318,219.31574913554206,-0.39102360920483403,10.653424134361384,199.9858760921552,10.680091580049718,180.92480155552278
19.1,0.1,-0.31293055415153503,-0.3679157793521881,-0.3636820912361145,-0.22122429960821655,10.192953037680597,240.41918073448232,-0.357927010757251,10.489026801306444,220.3683081114131,-0.38838629377980655,10.6143217734409,201.05121850559135,10.64380090065272,181.99281071352777
19.200000000000003,0.1,-0.29761895537376404,-0.35661780834198,-0.3563973307609558,-0.20912904738531282,10.170830607719775,241.4384760382504,-0.3489277194361077,10.453234100230718,221.41721079154377,-0.3842921908942828,10.575483144062918,202.11265068293545,10.607377593375508,183.05719080359307
19.300000000000004,0.1,-0.28123942017555237,-0.34398651123046875,-0.3477151095867157,-0.19620845835435297,10.149917702981243,242.4555590990224,-0.3386659666236388,10.418341328287108,222.46253420156685,-0.37875731438382215,10.53705392497349,203.17019899734177,10.570965305729016,184.11792856293064
19.400000000000006,0.1,-0.26385700702667236,-0.3300708532333374,-0.33767077326774597,-0.18251352417738642,10.130296857145808,243.47055086932053,-0.32718065733402135,10.384474731624744,223.50436833439556,-0.37180315375315137,10.499178193535107,204.22390438983913,10.534707528996604,185.17502509350356
19.500000000000007,0.1,-0.24553728103637695,-0.3149279057979584,-0.32630255818367004,-0.1680982925029894,10.11204550472807,244.48358055503513,-0.3145159272725514,10.351756665891342,224.54281580755804,-0.3634566936491885,10.46199787815979,205.27382220919267,10.49874700541894,186.22849584640323
19.60000000000001,0.1,-0.22635237872600555,-0.2986147701740265,-0.31365957856178284,-0.15301965366488787,10.09523567547777,245.49478510550796,-0.3007201980253163,10.320305073164086,225.57799147414718,-0.3537509360789423,10.42565220879487,206.32002199700867,10.463225171091453,187.27837054694515
19.70000000000001,0.1,-0.20637552440166473,-0.28119727969169617,-0.2997898459434509,-0.1373371161618011,10.07993371011128,246.50430867305576,-0.2858466341654539,10.290233053361554,226.6100219814636,-0.342723702897959,10.390277115186976,207.36258721788818,10.42828165246579,188.32469306405432
19.80000000000001,0.1,-0.18568505346775055,-0.2627425789833069,-0.2847505211830139,-0.12111257180458379,10.066199998495101,247.5123020440669,-0.26995241221269584,10.261648389945009,227.63904528679979,-0.33041841825670626,10.356004744897179,208.4016149294069,10.394053645994024,189.3675212293009
19.900000000000013,0.1,-0.16436131298542023,-0.24332283437252045,-0.2686018943786621,-0.1044100514575246,10.054088741314642,248.51892204391643,-0.2530989404637065,10.234653148723739,228.6652101257943,-0.3168832504020262,10.322962903071508,209.43721540389663,10.360675443897742,190.40692659390032
20.000000000000014,0.1,-0.14248745143413544,-0.22301483154296875,-0.2514077425003052,-0.08729547233777782,10.04364773616889,249.52433091804792,-0.235351414968049,10.209343254677368,229.68867544066669,-0.30217116719612486,10.291274578031304,210.4695116942038,10.328277871797056,191.44299413829012
20.100000000000016,0.1,-0.12014703452587128,-0.20189930498600006,-0.23323628306388855,-0.06983637787022151,10.034918188935112,250.52869569166484,-0.21677862226126604,10.185808113180563,230.70960976613443,-0.2863399000654934,10.261057461311692,211.49863915200694,10.296987776228933,192.47582192546983
20.200000000000017,0.1,-0.09742884337902069,-0.18005768954753876,-0.21416093409061432,-0.05210167112441757,10.02793455114809,251.53218751055837,-0.19745230471418682,10.164130250954436,231.7281905774525,-0.2694517810495945,10.232423471305143,212.52474489813812,10.26692754492443,193.50552070309274
20.30000000000002,0.1,-0.07442070543766022,-0.15757621824741364,-0.19425822794437408,-0.03416134288567498,10.02272438403565,252.53498096567318,-0.1774476124471533,10.144385020483018,232.74460360254795,-0.2515729627491831,10.205478293200184,213.54798724526864,10.238214634219549,194.5322134575852
20.40000000000002,0.1,-0.05121021717786789,-0.1345435529947281,-0.17360582947731018,-0.01608619543339561,10.019308249747082,253.53725340407675,-0.15684223104525438,10.126640259238302,233.75904210459626,-0.23277361384882894,10.180320996925264,214.56853507458868,10.210961086973832,195.55603492100715
20.50000000000002,0.1,-0.02789115719497204,-0.1110493615269661,-0.15228691697120667,0.0020524368831757733,10.017699630203742,254.53918422905147,-0.13571582827177678,10.110956036133777,234.7717061305201,-0.21312760167800848,10.157043635540381,215.5865671742812,10.185273084618371,196.57713102970456
20.600000000000023,0.1,-0.004551490303128958,-0.0871862918138504,-0.13038669526576996,0.020182969169038504,10.017904873892059,255.54095419207187,-0.11415089405641553,10.0973844533066,235.7828017341335,-0.19271195364779972,10.13573087537258,216.60227153783526,10.161250566144457,197.5956583381664
20.700000000000024,0.1,0.018717210739850998,-0.06304872035980225,-0.10799051076173782,0.03823384849631248,10.019923170808962,256.54274467946107,-0.0922310133057579,10.085969363900958,236.79254017946417,-0.17160682128100957,10.1164596800078,217.61584462537255,10.1389868130259,198.61178339478087
20.800000000000026,0.1,0.0418240912258625,-0.038731638342142105,-0.08518849313259125,0.05613383629095539,10.023746555658594,257.544736996542,-0.07004136849663581,10.076746262570381,237.8011371158543,-0.1498952010967678,10.099298997879698,218.62749059337335,10.11856807662574,199.62568207608348
20.900000000000027,0.1,0.06467830389738083,-0.014329290948808193,-0.062071554362773895,0.07381228947886834,10.029359939287689,258.54711165210784,-0.04766827655213583,10.069742125720717,238.80881174211135,-0.12766248854584233,10.084309477770022,219.63742049316133,10.100073277290377,200.63753888374606
21.00000000000003,0.1,0.08719180524349213,0.010062286630272865,-0.03873027488589287,0.09119943928183552,10.036741168235576,259.5500476460366,-0.025198960462232183,10.064975298065503,239.81578595468343,-0.10499584902643519,10.071543228915438,220.64585144093834,10.083573667959435,201.64754621147512
21.10000000000003,0.1,0.10927637666463852,0.03434648737311363,-0.015258054248988628,0.10822666656301788,10.04586111216376,260.55372176286016,-0.0027208073210869994,10.06245540201928,240.82228348449,-0.08198422189509325,10.061043644012795,221.6530057638299,10.069132549407426,202.65590357827108
21.20000000000003,0.1,0.1308462917804718,0.05842934921383858,0.008251378312706947,0.12482677263533679,10.056683778820062,261.55830787407655,0.01967862947605842,10.062183321287172,241.82852902469193,-0.05871808004145154,10.052845221823285,222.6591101282312,10.056805049068101,203.66281683321185
21.300000000000033,0.1,0.15181873738765717,0.08221480250358582,0.03170602396130562,0.14093424446399178,10.069166456083597,262.5639762519586,0.04191216193694142,10.064151184234778,242.83474735682066,-0.03528859419039319,10.04697341381914,223.66439465041353,10.046637887711661,204.66849733811867
21.400000000000034,0.1,0.17210909724235535,0.10560973733663559,0.055012211203575134,0.15648551321647913,10.083259880529996,263.570892897567,0.06389347702708488,10.068342400428472,243.84116247524415,-0.011787914851597053,10.0434445544001,224.66909199179545,10.038669186192763,205.67316112688985
21.500000000000036,0.1,0.1916419118642807,0.128522589802742,0.07807795703411102,0.1714192051397317,10.098908431851644,264.57921888562,0.08553660107013927,10.07473174813118,244.847996715287,0.011691615586049808,10.04226576291494,225.67343644723547,10.03292834545687,206.67702804550913
21.600000000000037,0.1,0.21033911406993866,0.1508643627166748,0.10081058740615845,0.1856763837742832,10.116050352365617,265.58910972880517,0.10675766322896786,10.083285408238194,245.85546989010012,0.035057810429388575,10.043434924473546,226.67766302352697,10.029435917092227,207.68032088005484
21.70000000000004,0.1,0.22812823951244354,0.17254608869552612,0.12312144041061401,0.19920078254954837,10.134617990743045,266.60071476404175,0.1274739533971623,10.093961174561091,246.86379843092396,0.05821912088684615,10.046940705516485,227.68200651597434,10.028203533541197,208.68326447176406
21.80000000000004,0.1,0.244939923286438,0.19348278641700745,0.14492233097553253,0.21193902684227137,10.154538068998,267.6141765631161,0.14760481062021885,10.106708569900807,247.8731945483801,0.08108451444858247,10.05276261760517,228.686700586526,10.029233838448494,209.6860848251182
21.90000000000004,0.1,0.2607095539569855,0.21359281241893768,0.16612592339515686,0.22384084462177906,10.175731971682229,268.6296303700159,0.16707183315346297,10.121469050962828,248.8838654053702,0.1035641688422678,10.060871069050028,229.69197684828654,10.032520511182545,210.68900820896306
22.000000000000043,0.1,0.27537664771080017,0.23279768228530884,0.18664729595184326,0.23485926485071904,10.198116056144407,269.64720356718414,0.18579937731416774,10.138176234278175,249.8960123104665,0.1255698975576021,10.071227485934255,230.69806395519157,10.038048295989297,211.69226026008133
22.100000000000044,0.1,0.28888362646102905,0.25102099776268005,0.20640677213668823,0.24495080285828508,10.22160198262948,270.6670151727986,0.20371483139349447,10.156756172009592,250.90982993389431,0.14701545450314374,10.083784475690015,231.70518670378502,10.045793042302602,212.69606508968027
22.200000000000045,0.1,0.30117669701576233,0.2681923806667328,0.2253265678882599,0.25407563195434646,10.24609706291531,271.68917537106154,0.22074859040700162,10.177127655148942,251.92550555109528,0.1678165631550513,10.09848602114033,232.71356515135403,10.055721785272283,213.70064439391055
22.300000000000047,0.1,0.3122100234031677,0.28424352407455444,0.24332962930202484,0.2621977406071989,10.271504626110744,272.71378507735307,0.236834211728754,10.199202514189642,252.9432183166102,0.1878917266573879,10.115267677455835,233.7234137534681,10.067792915090761,214.7062165724378
22.40000000000005,0.1,0.3219406306743622,0.2991122007369995,0.2603462040424347,0.26928507456462814,10.297724400171465,273.74093553996414,0.25190937406363695,10.222885935362518,253.96313856802917,0.2071620861408215,10.134056850121574,234.7349405212137,10.08195635030331,215.7129958639469
22.50000000000005,0.1,0.33033260703086853,0.3127405047416687,0.27630847692489624,0.275309663357399,10.324652907627927,274.7707079799813,0.2659156253857822,10.248076872768882,254.98542716156544,0.22555210906005735,10.154773058735657,235.74834620622588,10.09815369105939,216.72119149897725
22.60000000000005,0.1,0.33735188841819763,0.3250747621059418,0.2911527752876282,0.28024773068591924,10.352183873963668,275.8031732707441,0.27879902171479964,10.274668435307461,256.01023484884234,0.24298978819637987,10.177328269641663,236.76382351209946,10.116318487745101,217.7310068680832
22.700000000000053,0.1,0.3429715037345886,0.3360671103000641,0.3048210144042969,0.28407978825443164,10.38020864703226,276.83839165814044,0.2905095950554794,10.302548337478942,257.0377016923731,0.2594067829782925,10.201627248461302,237.78155633906366,10.136376494632168,218.74263871685773
22.800000000000054,0.1,0.3471716046333313,0.3456747531890869,0.3172580599784851,0.2867907126824138,10.408616625857704,277.8764125228437,0.3010019767913014,10.331599296984491,258.067956526121,0.27473884844264707,10.22756792675913,238.8017190639098,10.158245955647574,219.75627636632095
22.900000000000055,0.1,0.34993547201156616,0.3538607656955719,0.32841598987579346,0.288369805189652,10.437295697125945,278.91727418542945,0.31023590235970755,10.361699494663622,259.10111645581947,0.28892602939193524,10.255041811603396,239.8244758565857,10.181837944747986,220.7721009618857
23.000000000000057,0.1,0.35125499963760376,0.360590398311615,0.3382502496242523,0.28881083381943895,10.46613267764491,279.96100375514203,0.3181758162900794,10.392723084899593,260.13728640528586,0.30191297665266276,10.28393441454259,240.84998003774606,10.207056697227886,221.79028475636053
23.10000000000006,0.1,0.35112282633781433,0.36584264039993286,0.34672048687934875,0.28811205803325973,10.495013761026856,281.0076170229065,0.32479165295958434,10.424540666528602,261.1765587137758,0.31364846098445337,10.314125712207858,241.87837347920035,10.23380001900932,222.81099042608335
23.20000000000006,0.1,0.3495449125766754,0.3695918917655945,0.35379481315612793,0.28627623557990206,10.523824966830182,282.0571183990092,0.3300578876352304,10.45701983182456,262.21901278042867,0.3240872968675494,10.345490558306304,242.90978605042116,10.261959681426955,223.8343704279843
23.30000000000006,0.1,0.34652236104011536,0.37182867527008057,0.3594443202018738,0.2833106116118818,10.552452590388173,283.10950089569224,0.3339552926235195,10.490025620588083,263.26471476361115,0.3331882158471585,10.37789928799306,243.9443351062518,10.291421821098648,224.860566396127
23.400000000000063,0.1,0.34207314252853394,0.3725411891937256,0.363646537065506,0.27922689009213614,10.58078365154936,284.16474615473106,0.33646870630683867,10.523421149850435,264.31371732567,0.34091630773174303,10.411218109577776,244.98212503505113,10.322067429099127,225.88970857823688
23.500000000000064,0.1,0.3362124562263489,0.3717290461063385,0.366385281085968,0.2740411876038285,10.608706340558575,285.222824519886,0.33758959355117774,10.55706802048112,265.366059440655,0.3472412840241396,10.44530974035095,246.02324684600893,10.353772801903546,226.9219153211468
23.600000000000065,0.1,0.3289678692817688,0.3693946897983551,0.3676488697528839,0.2677739697455581,10.636110459318958,286.28369515394184,0.33731416608621195,10.590826979836239,266.42176624270314,0.3521388364405795,10.480033868753365,247.06777782004403,10.386410030888392,227.95729260133717
23.700000000000067,0.1,0.3203648328781128,0.36554858088493347,0.36743324995040894,0.2604499703629922,10.662887856293514,287.34730619987374,0.3356449067253233,10.62455839644486,267.48084894068677,0.3555900071121346,10.515247752397423,248.1157812069194,10.419847519697989,228.99593360442603
23.800000000000068,0.1,0.3104410469532013,0.36020684242248535,0.3657376766204834,0.25209809393567667,10.688932853329813,288.4135949855031,0.33258889195588115,10.658122887117392,268.54330478033125,0.3575817218666944,10.550806753108636,249.16730598215915,10.453950488140723,230.03791835639583
23.90000000000007,0.1,0.2992338538169861,0.35339051485061646,0.3625706732273102,0.24275130150426066,10.714142662723381,289.4824882708361,0.3281593229553451,10.69138177631298,269.609117069043,0.3581067459778526,10.586564925295306,250.22238665747003,10.488581527893919,231.08331340520994
24.00000000000007,0.1,0.2867899239063263,0.34512799978256226,0.3579428791999817,0.2324464805883278,10.738417792873808,290.55390253710846,0.3223742291276732,10.724197708608514,270.6782552466743,0.35716349975240536,10.622375599893092,251.28104314999956,10.523601113228885,232.13217155799933
24.100000000000072,0.1,0.2731602191925049,0.33544981479644775,0.35187336802482605,0.22122429960820833,10.761662440932641,291.6277443163959,0.3152573680834037,10.756435131521282,271.7506750175352,0.3547563997584367,10.658091949868332,252.34328070998887,10.558868194961406,233.18453166932224
24.200000000000074,0.1,0.2583981454372406,0.32439684867858887,0.3443867862224579,0.209129047385304,10.783784870893463,292.70391056048913,0.3068379383052238,10.787960868329623,272.82631853068733,0.35089508276603887,10.693567589844177,253.40908990497573,10.59424071793142,234.2404184888184
24.300000000000075,0.1,0.24256235361099243,0.31201282143592834,0.33551111817359924,0.19620845835434347,10.804697775631993,293.7822890475785,0.29714997973162705,10.818644662160146,273.9051146175203,0.3455954359485488,10.728657098120781,254.47844666396017,10.629576203667929,235.29984256061155
24.400000000000077,0.1,0.2257165163755417,0.29834693670272827,0.32528266310691833,0.18251352417737643,10.824318621467429,294.8627588251417,0.28623245450749996,10.84835966013331,274.98697908373634,0.33887891304602463,10.763216641715637,255.55131237377228,10.664732327981586,236.36280018097835
24.500000000000078,0.1,0.20792879164218903,0.28345224261283875,0.3137412965297699,0.16809829250297895,10.842569973885167,295.94519068728846,0.2741292668811081,10.876982905584061,276.0718150497497,0.33077251777736527,10.79710453302024,256.62763403794384,10.699567449795984,237.4292734137765
24.60000000000008,0.1,0.18926863372325897,0.26739102602005005,0.3009307384490967,0.153019653664877,10.859379803135466,297.029447684677,0.2608891718333241,10.904395832272172,277.15951334030814,0.32130846274445984,10.830181784797977,257.70734449124586,10.73394120050964,238.49923015875612
24.70000000000008,0.1,0.16981050372123718,0.2502255439758301,0.2869042158126831,0.1373371161617898,10.874681768501954,298.1153856649906,0.24656506421131089,10.930484749455506,278.2499529235354,0.31052497539957774,10.862312631072424,258.79036266972565,10.76771502701116,239.5726242788071
24.800000000000082,0.1,0.1496337205171585,0.23202231526374817,0.2717164158821106,0.12111257180457213,10.888415480118134,299.2028538418408,0.23121415211329593,10.955141255876637,279.34300139848096,0.29846508911482805,10.893365128612382,259.8765939328329,10.80075270298136,240.64939578150822
24.900000000000084,0.1,0.12881681323051453,0.21285726130008698,0.2554263174533844,0.10441005145751264,10.900526737298591,300.29169538985263,0.21489806579406823,10.978262671087966,280.43851552406863,0.2851765343446119,10.923211637523865,260.9659304456942,10.832920928073772,241.72947105180637
25.000000000000085,0.1,0.10744289308786392,0.19280339777469635,0.2380998283624649,0.0872954723377656,10.910967742444342,301.3817480635825,0.19768181528135725,10.999752477667373,281.53634179117745,0.2707126797357067,10.951729290958326,262.0582516094466,10.864089836465345,242.81276314461377
25.100000000000087,0.1,0.0855977013707161,0.1719430536031723,0.21980346739292145,0.06983637787020908,10.919697289678119,302.472844837827,0.17963403084265833,11.019520659195509,282.6363170389442,0.2551308233435044,10.978800558931898,263.1534245385424,10.89413348952767,243.89917212826032
25.200000000000088,0.1,0.06336787343025208,0.15035730600357056,0.20060986280441284,0.05210167112440497,10.92668092746514,303.56481456679484,0.1608267649482696,11.037484062279775,283.7382691048638,0.23849326939543775,11.004313641266249,264.2513045944356,10.92293040854478,244.9885854772131
25.30000000000009,0.1,0.04084175452589989,0.12813089787960052,0.18059630692005157,0.03416134288566216,10.931891094577582,304.65748265954136,0.14133498664466582,11.053566738774602,284.8420175110918,0.22086607671706407,11.028162968205793,265.35173595856224,10.950364013106325,246.08087851806758
25.40000000000009,0.1,0.018109556287527084,0.10535279661417007,0.15984106063842773,0.01608619543338274,10.935307228866147,305.75067176899915,0.12123634022091234,11.06770023743907,285.94737418496925,0.2023190409495711,11.0502495758775,266.45455225538285,10.97632309401165,247.17591491937822
25.500000000000092,0.1,-0.004739610943943262,0.08211562782526016,0.13842447102069855,-0.0020524368831886415,10.936915848409486,306.84420249188577,0.100610983434235,11.07982387146116,287.0541442087132,0.1829257920824906,11.070481479972457,267.5595772129706,11.000702284874311,248.2735472287794
25.600000000000094,0.1,-0.027612892910838127,0.05850805714726448,0.11643288284540176,-0.020182969169051327,10.936710604721167,307.9378940767267,0.07954086455859904,11.089884969804585,288.1621265958593,0.16276375923104422,11.088774059180707,268.6666253609679,11.023402458777209,249.37361745726685
25.700000000000095,0.1,-0.05042245611548424,0.03462647646665573,0.09395324438810349,-0.03823384849632521,10.934692307804262,309.0315651371988,0.05811011306471131,11.097839056260444,289.2711150928398,0.14191261881428796,11.105050435103813,269.77550276688595,11.044331087319941,250.4759577031446
25.800000000000097,0.1,-0.07307516038417816,0.010563361458480358,0.07107345014810562,-0.056133836290968075,10.93086892295463,310.12503436797925,0.036403599228671896,11.103650067566916,290.38089899846585,0.12045539034476122,11.119241696985242,270.88600781039634,11.063402647811035,251.58039081187658
25.900000000000098,0.1,-0.09548060595989227,-0.013584943488240242,0.04788467288017273,-0.0738122894788808,10.925255539325534,311.21812126027476,0.014507847306101572,11.107290427489783,291.49126400522255,0.09847698456750473,11.131287236019718,271.9979319800949,11.080538961091673,252.6867310766577
26.0000000000001,0.1,-0.11755260080099106,-0.037720706313848495,0.024476205930113792,-0.09119943928184773,10.917874310377645,312.3106468142073,-0.00748984334709751,11.108741212220393,292.6019930479715,0.07606459895635542,11.141134934476469,273.11106070369686,11.095669480719144,253.79478497276688
26.1000000000001,0.1,-0.13920007646083832,-0.061751604080200195,9.43436345551163E-4,-0.10822666656302989,10.90875436644946,313.4024342452451,-0.029502394837876533,11.107992227885683,293.7128671691936,0.053307537902314316,11.148741394372104,274.22517419714455,11.108731589878724,254.90435192083882
26.200000000000102,0.1,-0.16033878922462463,-0.08558129519224167,-0.02262086793780327,-0.12482677263534844,10.897931699793157,314.4933096818901,-0.0514419311624692,11.105041988401895,294.82366639198216,0.030295709505811085,11.154072148162335,275.3400483365818,11.119670801324991,256.01522507982673
26.300000000000104,0.1,-0.18088504672050476,-0.10911265015602112,-0.04612596705555916,-0.14093424446400304,10.885449022529622,315.5831028518694,-0.0732213027749006,11.09989779528565,295.93417059082236,0.007120308566200204,11.157101719112916,276.455455551398,11.128441039208916,257.12719215995924
26.400000000000105,0.1,-0.20075640082359314,-0.13225510716438293,-0.06947799772024155,-0.15648551321649004,10.871355598083221,316.6716477541224,-0.09475405156402174,11.092575665008159,297.04416037035094,-0.01612628317824439,11.157813749969536,277.5711657233093,11.1350048121573,258.24003626388014
26.500000000000107,0.1,-0.21987342834472656,-0.15491731464862823,-0.09258345514535904,-0.1714192051397421,10.855707046761573,317.75878331393073,-0.11595452141593632,11.083100259851756,298.1534179368518,-0.039352047975472426,11.156201121651712,278.6869470983063,11.139333311174896,259.3535367450959
26.600000000000108,0.1,-0.2381613701581955,-0.17700815200805664,-0.11535181105136871,-0.18567638377429302,10.838565126247598,318.8443540186069,-0.13673830280169466,11.071504807710163,299.26172796283697,-0.06246510131010392,11.152265916854164,279.80256721047147,11.141406550434567,260.4674700762134
26.70000000000011,0.1,-0.25554659962654114,-0.19844022393226624,-0.13769285380840302,-0.1992007825495577,10.819997487870168,319.9282105312317,-0.1570229162729951,11.057830977429994,300.368878443608,-0.08537371144969479,11.146019406723154,280.9177938021569,11.141213472739397,261.58161073125683
26.80000000000011,0.1,-0.27195972204208374,-0.21912720799446106,-0.15951988101005554,-0.2119390268422801,10.800077409615213,321.0102102800187,-0.1767276529437046,11.042128685802695,301.47466154135105,-0.1079870139462094,11.137482035578184,282.03239574282924,11.138751974362233,262.6957320785308
26.900000000000112,0.1,-0.28733736276626587,-0.23898926377296448,-0.18074476718902588,-0.22384084462178716,10.778883506930985,322.0902180209803,-0.1957740667633807,11.024455920508323,302.57887440993136,-0.13021505275586004,11.126683334183562,283.1461439463871,11.134028918584335,263.80960727596704
27.000000000000114,0.1,-0.3016168177127838,-0.2579459846019745,-0.20128442347049713,-0.23485926485072653,10.756499422468806,323.1681063716734,-0.21408672596395797,11.004878513831985,303.6813200019822,-0.15196989495928123,11.113661828907976,284.25881227980545,11.127060076341815,264.9230101678255
27.100000000000115,0.1,-0.31473809480667114,-0.275924950838089,-0.2210574746131897,-0.24495080285829188,10.733013495983734,324.2437563139203,-0.2315927443137234,10.98346984123559,304.7818078533654,-0.1731651128878202,11.098464839412047,285.3701784626963,11.117870107204018,266.0357161754597
27.200000000000117,0.1,-0.3266557455062866,-0.2928506135940552,-0.2399863749742508,-0.25407563195435257,10.708518415697904,325.3170576635187,-0.24822181441231317,10.960310566804216,305.880154837489,-0.19371708047787423,11.081148328123264,286.4800249466375,11.10649244342437,267.14750318618013
27.300000000000118,0.1,-0.33731722831726074,-0.30865705013275146,-0.257996141910553,-0.2621977406072043,10.683110852502468,326.38790950508854,-0.2639086006311081,10.935488385362984,306.9761858941694,-0.2135437871011107,11.061776620075477,287.5881397794499,11.092969162908389,268.25815243052256
27.40000000000012,0.1,-0.346680223941803,-0.32328343391418457,-0.2750149071216583,-0.26928507456463274,10.656891078441747,327.45622059033883,-0.27859032616833884,10.909097525299872,308.06973473270574,-0.23256643970743912,11.040422241365366,288.69431744145743,11.07735081099612,269.36744934681343
27.50000000000012,0.1,-0.35470882058143616,-0.33667120337486267,-0.29097646474838257,-0.27530966335740287,10.629962570985283,328.52190969818304,-0.29220830572303186,10.881238492683037,309.16064448523576,-0.2507098385487885,11.017165597394621,289.798359665594,11.059696206628091,270.47518442791306
27.600000000000122,0.1,-0.36136937141418457,-0.34876611828804016,-0.3058151304721832,-0.28024773068592235,10.602431604649542,329.58490595528156,-0.3047084086947129,10.852017662110734,310.24876833450406,-0.26790211151400356,10.992094613539741,290.90007622533346,11.040072224991237,271.5811540485759
27.700000000000124,0.1,-0.36663734912872314,-0.35951995849609375,-0.3194746971130371,-0.2840797882544339,10.57440683158095,330.6451491157465,-0.3160406012386074,10.821546821241263,311.33397010071513,-0.2840749128688111,10.965304402388341,291.9992856866875,11.018553510386784,272.68516127107506
27.800000000000125,0.1,-0.3704894781112671,-0.36888986825942993,-0.331900954246521,-0.28679071268241524,10.545998852755506,331.7025897989046,-0.3261599508166307,10.789942761117402,312.4161247828393,-0.29916392199426783,10.93689691110146,293.0958161269263,10.99522223609378,273.78701662211375
27.900000000000126,0.1,-0.37291085720062256,-0.3768390715122223,-0.34304481744766235,-0.28836980518965266,10.517319781487265,332.7571896841802,-0.3350258562755581,10.757326766035739,313.49511905895105,-0.31310911124730045,10.906980518902033,294.1895058180365,10.970167722717115,274.8865388457231
28.000000000000128,0.1,-0.37388935685157776,-0.38333582878112793,-0.3528614342212677,-0.28881083381943884,10.488482800968299,333.80892166232894,-0.3426028564605711,10.723824180408183,314.57085173555464,-0.325855103300285,10.875669607777303,295.2802038699267,10.943486092930852,275.98355561799485
28.10000000000013,0.1,-0.3734249174594879,-0.38835304975509644,-0.3613119125366211,-0.2881120580332588,10.459601717586354,334.85776994242576,-0.3488601565387725,10.689563894762125,315.6432341535955,-0.33735124839645375,10.843084097447274,296.36777083070444,10.915279892752888,277.07790422728795
28.20000000000013,0.1,-0.3715154528617859,-0.39187249541282654,-0.3683641254901886,-0.2862762355799003,10.430790511783028,335.9037301141844,-0.3537731087229157,10.654677879108247,316.7121905430717,-0.3475516086681824,10.809348972607628,297.45207924044917,10.885657703926093,278.1694322165632
28.300000000000132,0.1,-0.3681700527667999,-0.39387765526771545,-0.3739868700504303,-0.2833106116118793,10.402162888225037,336.9468091653627,-0.3573215775506898,10.619300568235955,317.77765833098255,-0.3564157860171114,10.774593811740809,298.5330141377099,10.854733714613923,279.25799798695584
28.400000000000134,0.1,-0.36339959502220154,-0.39436179399490356,-0.37816134095191956,-0.2792268900921328,10.37383182706385,337.98702545418524,-0.35949127259391184,10.583568410480886,318.83958838780615,-0.3639081598672323,10.738952233139097,299.610473518884,10.822627240654384,280.3434713584173
28.500000000000135,0.1,-0.35722440481185913,-0.39332133531570435,-0.38086947798728943,-0.2740411876038244,10.345909138054635,339.0244086368916,-0.3602729370795698,10.547619283221495,319.89794522885427,-0.36999888669276665,10.702561417152372,300.68436874219793,10.789462324085743,281.42573408248273
28.600000000000136,0.1,-0.3496664762496948,-0.3907613456249237,-0.38210007548332214,-0.26777396974555334,10.318505019294252,340.0589995506971,-0.3596632306260277,10.511591989513537,320.9527071571764,-0.37466337641735425,10.665561528483096,301.7546248839132,10.755367164011792,282.50468031489135
28.700000000000138,0.1,-0.340756893157959,-0.3866927921772003,-0.3818477690219879,-0.2604499703629866,10.291727622319696,341.09085005262654,-0.3576638797507611,10.475625666450934,322.0038663561278,-0.3778829702588682,10.62809519084136,302.8211810367615,10.720473646392886,283.58021703129253
28.80000000000014,0.1,-0.33053016662597656,-0.3811262249946594,-0.38011685013771057,-0.25209809393567034,10.265682625283397,342.12002281485854,-0.3542824824322006,10.439859278475858,323.0514289227729,-0.3796449346425346,10.590306893815473,303.8839905558457,10.684916830788094,284.65226439593187
28.90000000000014,0.1,-0.31902480125427246,-0.3740903437137604,-0.37690770626068115,-0.24275130150425372,10.240472815889829,343.1465910773869,-0.34953201927095573,10.404431030232637,324.0954148506205,-0.37994119271295956,10.55234240035122,304.94302124522727,10.648834422923821,285.7207560790107
29.000000000000142,0.1,-0.30628880858421326,-0.36560574173927307,-0.3722395598888397,-0.23244648058832013,10.216197685739404,344.1706383589759,-0.343430575667619,10.369477828305541,325.1358579536438,-0.3787710229131197,10.514348281079924,305.9982554852624,10.612366159629648,286.7856395213031
29.100000000000144,0.1,-0.29236820340156555,-0.35571032762527466,-0.3661262094974518,-0.22122429960820006,10.192953037680573,345.19225812754985,-0.33600222225093773,10.33513477073878,326.17280573647434,-0.37613796667835037,10.47647117878861,307.04969031337043,10.575653394869097,287.84687613726607
29.200000000000145,0.1,-0.2773180305957794,-0.34444165229797363,-0.3585929870605469,-0.20912904738529522,10.170830607719752,346.2115534313179,-0.3272754184810632,10.301534548513684,327.2063192135482,-0.37205243886773515,10.438857382120775,308.0973374312493,10.538838391862878,288.904441476753
29.300000000000146,0.1,-0.2612018883228302,-0.33184248208999634,-0.34966984391212463,-0.19620845835433412,10.149917702981222,347.2286364920899,-0.3172839409040063,10.268807006665577,328.2364726683996,-0.36653028155378276,10.401652138234,309.1412231694614,10.502063865267955,289.9583253159393
29.400000000000148,0.1,-0.24407809972763062,-0.3179633319377899,-0.33939051628112793,-0.18251352417736655,10.130296857145789,348.24362826238803,-0.3060675303877709,10.237078612575177,329.2633533690662,-0.35959272166102535,10.364999110078621,310.1813883832848,10.465472384250804,291.00853170246614
29.50000000000015,0.1,-0.226016104221344,-0.3028579652309418,-0.32779863476753235,-0.16809829250296848,10.112045504728052,349.2566579481026,-0.29366964425574266,10.2064718595364,330.28706123032373,-0.3512668437163781,10.329039837912518,311.21788829429266,10.42920580255884,292.05507894089124
29.60000000000015,0.1,-0.2070845663547516,-0.2865877151489258,-0.3149360716342926,-0.15301965366486608,10.095235675477754,350.2678624985754,-0.2801389362488627,10.177104895110825,331.30770841627736,-0.3415850680192907,10.29391315354088,312.2507922780839,10.393404726879648,293.09799952114713
29.700000000000152,0.1,-0.18736153841018677,-0.2692127823829651,-0.3008548319339752,-0.13733711616177852,10.079933710111268,351.2773860661232,-0.2655280622700403,10.149091001485937,332.32541890578847,-0.3305855974452176,10.25975464673895,313.280183593438,10.358207893640943,294.1373399938351
29.800000000000153,0.1,-0.16692116856575012,-0.2508045434951782,-0.2856106758117676,-0.12111257180456039,10.06619999849509,352.28537943713434,-0.24989475749806936,10.122538195258933,333.34032800593707,-0.3183110344327669,10.226696086994428,314.3061590581119,10.323751705617292,295.1731607831992
29.900000000000155,0.1,-0.1458463817834854,-0.23143328726291656,-0.26926371455192566,-0.10441005145750062,10.054088741314635,353.2919994369839,-0.2333000397116053,10.097548719509126,334.35258182546295,-0.304809736245249,10.19486498355115,315.3288286668114,10.290169658559693,296.20553595376094
